,0
0,-75.0
1,-79.0
2,-54.0
3,-75.0
4,-79.0
5,-75.0
6,-77.0
7,-74.0
8,-79.0
9,-79.0
10,-69.0
11,-79.0
12,-59.0
13,-65.0
14,-47.0
15,-74.0
16,-79.0
17,-71.0
18,-50.0
19,-77.0
20,-76.0
21,-79.0
22,-55.0
23,-75.0
24,-79.0
25,-75.0
26,-75.0
27,-74.0
28,-75.0
29,-79.0
30,-67.0
31,-79.0
32,-65.0
33,-65.0
34,-49.0
35,-75.0
36,-78.0
37,-71.0
38,-50.0
39,-77.0
40,-75.0
41,-79.0
42,-55.0
43,-75.0
44,-79.0
45,-75.0
46,-74.0
47,-71.0
48,-79.0
49,-79.0
50,-69.0
51,-79.0
52,-61.0
53,-67.0
54,-50.0
55,-75.0
56,-78.0
57,-71.0
58,-49.0
59,-77.0
60,-75.0
61,-79.0
62,-54.0
63,-76.0
64,-79.0
65,-75.0
66,-72.0
67,-71.0
68,-79.0
69,-79.0
70,-70.0
71,-79.0
72,-63.0
73,-66.0
74,-47.0
75,-75.0
76,-79.0
77,-71.0
78,-49.0
79,-77.0
80,-75.0
81,-79.0
82,-54.0
83,-76.0
84,-79.0
85,-75.0
86,-74.0
87,-69.0
88,-79.0
89,-79.0
90,-70.0
91,-79.0
92,-60.0
93,-66.0
94,-48.0
95,-75.0
96,-78.0
97,-68.0
98,-49.0
99,-77.0
100,-74.0
101,-79.0
102,-53.0
103,-74.0
104,-79.0
105,-76.0
106,-74.0
107,-69.0
108,-78.0
109,-79.0
110,-69.0
111,-79.0
112,-61.0
113,-63.0
114,-48.0
115,-75.0
116,-78.0
117,-67.0
118,-49.0
119,-77.0
120,-72.0
121,-79.0
122,-54.0
123,-71.0
124,-79.0
125,-75.0
126,-71.0
127,-69.0
128,-77.0
129,-79.0
130,-69.0
131,-79.0
132,-62.0
133,-64.0
134,-47.0
135,-75.0
136,-79.0
137,-67.0
138,-46.0
139,-77.0
140,-73.0
141,-79.0
142,-53.0
143,-73.0
144,-79.0
145,-75.0
146,-71.0
147,-69.0
148,-77.0
149,-79.0
150,-71.0
151,-79.0
152,-62.0
153,-64.0
154,-48.0
155,-75.0
156,-78.0
157,-66.0
158,-46.0
159,-77.0
160,-73.0
161,-79.0
162,-53.0
163,-73.0
164,-79.0
165,-75.0
166,-67.0
167,-67.0
168,-77.0
169,-79.0
170,-70.0
171,-79.0
172,-64.0
173,-64.0
174,-49.0
175,-75.0
176,-78.0
177,-66.0
178,-46.0
179,-77.0
180,-73.0
181,-79.0
182,-54.0
183,-73.0
184,-79.0
185,-75.0
186,-70.0
187,-67.0
188,-78.0
189,-79.0
190,-70.0
191,-79.0
192,-63.0
193,-63.0
194,-48.0
195,-75.0
196,-79.0
197,-67.0
198,-46.0
199,-77.0
200,-73.0
201,-79.0
202,-54.0
203,-72.0
204,-79.0
205,-76.0
206,-70.0
207,-67.0
208,-76.0
209,-79.0
210,-70.0
211,-79.0
212,-62.0
213,-64.0
214,-48.0
215,-75.0
216,-79.0
217,-67.0
218,-46.0
219,-77.0
220,-75.0
221,-79.0
222,-56.0
223,-71.0
224,-79.0
225,-76.0
226,-70.0
227,-67.0
228,-77.0
229,-79.0
230,-67.0
231,-79.0
232,-62.0
233,-64.0
234,-47.0
235,-73.0
236,-79.0
237,-66.0
238,-47.0
239,-77.0
240,-73.0
241,-79.0
242,-56.0
243,-71.0
244,-79.0
245,-76.0
246,-69.0
247,-66.0
248,-79.0
249,-79.0
250,-76.0
251,-69.0
252,-79.0
253,-62.0
254,-65.0
255,-49.0
256,-74.0
257,-79.0
258,-68.0
259,-44.0
260,-77.0
261,-72.0
262,-79.0
263,-55.0
264,-69.0
265,-79.0
266,-76.0
267,-68.0
268,-67.0
269,-79.0
270,-79.0
271,-76.0
272,-70.0
273,-79.0
274,-63.0
275,-65.0
276,-47.0
277,-74.0
278,-77.0
279,-68.0
280,-43.0
281,-77.0
282,-74.0
283,-79.0
284,-55.0
285,-69.0
286,-79.0
287,-76.0
288,-68.0
289,-73.0
290,-79.0
291,-79.0
292,-76.0
293,-69.0
294,-79.0
295,-61.0
296,-65.0
297,-47.0
298,-74.0
299,-77.0
300,-67.0
301,-46.0
302,-77.0
303,-73.0
304,-79.0
305,-55.0
306,-69.0
307,-79.0
308,-76.0
309,-71.0
310,-73.0
311,-76.0
312,-79.0
313,-76.0
314,-70.0
315,-79.0
316,-59.0
317,-65.0
318,-49.0
319,-73.0
320,-78.0
321,-65.0
322,-46.0
323,-77.0
324,-73.0
325,-79.0
326,-55.0
327,-67.0
328,-79.0
329,-76.0
330,-69.0
331,-71.0
332,-78.0
333,-79.0
334,-76.0
335,-71.0
336,-79.0
337,-59.0
338,-65.0
339,-47.0
340,-73.0
341,-77.0
342,-65.0
343,-47.0
344,-77.0
345,-72.0
346,-79.0
347,-55.0
348,-69.0
349,-79.0
350,-77.0
351,-69.0
352,-70.0
353,-79.0
354,-79.0
355,-76.0
356,-69.0
357,-79.0
358,-61.0
359,-64.0
360,-46.0
361,-73.0
362,-78.0
363,-65.0
364,-49.0
365,-77.0
366,-73.0
367,-79.0
368,-54.0
369,-69.0
370,-79.0
371,-78.0
372,-71.0
373,-70.0
374,-77.0
375,-79.0
376,-76.0
377,-70.0
378,-79.0
379,-61.0
380,-63.0
381,-47.0
382,-73.0
383,-76.0
384,-70.0
385,-49.0
386,-77.0
387,-73.0
388,-79.0
389,-54.0
390,-70.0
391,-79.0
392,-78.0
393,-71.0
394,-70.0
395,-78.0
396,-79.0
397,-73.0
398,-70.0
399,-79.0
400,-63.0
401,-64.0
402,-47.0
403,-71.0
404,-79.0
405,-67.0
406,-47.0
407,-77.0
408,-73.0
409,-79.0
410,-54.0
411,-70.0
412,-79.0
413,-78.0
414,-69.0
415,-70.0
416,-79.0
417,-79.0
418,-73.0
419,-69.0
420,-79.0
421,-61.0
422,-65.0
423,-47.0
424,-72.0
425,-79.0
426,-67.0
427,-46.0
428,-77.0
429,-72.0
430,-79.0
431,-55.0
432,-68.0
433,-79.0
434,-78.0
435,-65.0
436,-70.0
437,-79.0
438,-79.0
439,-73.0
440,-69.0
441,-79.0
442,-62.0
443,-64.0
444,-46.0
445,-72.0
446,-79.0
447,-67.0
448,-45.0
449,-77.0
450,-71.0
451,-79.0
452,-56.0
453,-68.0
454,-79.0
455,-77.0
456,-66.0
457,-71.0
458,-78.0
459,-79.0
460,-72.0
461,-70.0
462,-79.0
463,-59.0
464,-64.0
465,-47.0
466,-72.0
467,-79.0
468,-66.0
469,-45.0
470,-77.0
471,-71.0
472,-56.0
473,-68.0
474,-79.0
475,-77.0
476,-67.0
477,-72.0
478,-77.0
479,-79.0
480,-73.0
481,-68.0
482,-79.0
483,-60.0
484,-64.0
485,-47.0
486,-72.0
487,-79.0
488,-64.0
489,-45.0
490,-77.0
491,-72.0
492,-56.0
493,-67.0
494,-79.0
495,-77.0
496,-67.0
497,-72.0
498,-76.0
499,-79.0
500,-73.0
501,-67.0
502,-79.0
503,-60.0
504,-64.0
505,-47.0
506,-72.0
507,-79.0
508,-65.0
509,-46.0
510,-77.0
511,-73.0
512,-79.0
513,-55.0
514,-68.0
515,-79.0
516,-77.0
517,-71.0
518,-70.0
519,-78.0
520,-79.0
521,-73.0
522,-70.0
523,-79.0
524,-61.0
525,-64.0
526,-48.0
527,-72.0
528,-79.0
529,-68.0
530,-47.0
531,-77.0
532,-72.0
533,-79.0
534,-55.0
535,-68.0
536,-79.0
537,-77.0
538,-67.0
539,-70.0
540,-79.0
541,-79.0
542,-73.0
543,-69.0
544,-79.0
545,-61.0
546,-64.0
547,-48.0
548,-73.0
549,-79.0
550,-67.0
551,-47.0
552,-77.0
553,-71.0
554,-79.0
555,-54.0
556,-72.0
557,-79.0
558,-77.0
559,-68.0
560,-72.0
561,-74.0
562,-79.0
563,-73.0
564,-70.0
565,-79.0
566,-60.0
567,-63.0
568,-48.0
569,-73.0
570,-79.0
571,-67.0
572,-47.0
573,-77.0
574,-72.0
575,-79.0
576,-56.0
577,-70.0
578,-79.0
579,-77.0
580,-67.0
581,-72.0
582,-75.0
583,-79.0
584,-73.0
585,-68.0
586,-79.0
587,-60.0
588,-63.0
589,-48.0
590,-73.0
591,-78.0
592,-67.0
593,-47.0
594,-77.0
595,-71.0
596,-79.0
597,-55.0
598,-71.0
599,-79.0
600,-78.0
601,-69.0
602,-72.0
603,-79.0
604,-79.0
605,-75.0
606,-69.0
607,-79.0
608,-63.0
609,-65.0
610,-48.0
611,-73.0
612,-79.0
613,-67.0
614,-48.0
615,-77.0
616,-72.0
617,-79.0
618,-55.0
619,-74.0
620,-79.0
621,-79.0
622,-69.0
623,-72.0
624,-79.0
625,-79.0
626,-75.0
627,-71.0
628,-79.0
629,-59.0
630,-63.0
631,-46.0
632,-74.0
633,-79.0
634,-70.0
635,-48.0
636,-77.0
637,-72.0
638,-79.0
639,-54.0
640,-73.0
641,-79.0
642,-79.0
643,-67.0
644,-69.0
645,-79.0
646,-79.0
647,-75.0
648,-68.0
649,-79.0
650,-60.0
651,-64.0
652,-45.0
653,-74.0
654,-79.0
655,-70.0
656,-48.0
657,-77.0
658,-72.0
659,-79.0
660,-53.0
661,-73.0
662,-79.0
663,-79.0
664,-67.0
665,-69.0
666,-78.0
667,-79.0
668,-76.0
669,-70.0
670,-79.0
671,-62.0
672,-64.0
673,-46.0
674,-77.0
675,-79.0
676,-70.0
677,-49.0
678,-77.0
679,-48.0
680,-72.0
681,-79.0
682,-52.0
683,-76.0
684,-79.0
685,-78.0
686,-70.0
687,-71.0
688,-77.0
689,-79.0
690,-76.0
691,-69.0
692,-79.0
693,-61.0
694,-63.0
695,-45.0
696,-74.0
697,-79.0
698,-70.0
699,-72.0
700,-79.0
701,-53.0
702,-74.0
703,-79.0
704,-78.0
705,-70.0
706,-70.0
707,-77.0
708,-79.0
709,-76.0
710,-68.0
711,-79.0
712,-60.0
713,-63.0
714,-46.0
715,-74.0
716,-79.0
717,-69.0
718,-49.0
719,-73.0
720,-79.0
721,-51.0
722,-74.0
723,-79.0
724,-75.0
725,-70.0
726,-71.0
727,-78.0
728,-79.0
729,-79.0
730,-68.0
731,-79.0
732,-60.0
733,-62.0
734,-45.0
735,-74.0
736,-79.0
737,-69.0
738,-49.0
739,-73.0
740,-79.0
741,-51.0
742,-74.0
743,-79.0
744,-77.0
745,-70.0
746,-71.0
747,-78.0
748,-79.0
749,-79.0
750,-68.0
751,-79.0
752,-61.0
753,-62.0
754,-45.0
755,-76.0
756,-79.0
757,-69.0
758,-49.0
759,-73.0
760,-79.0
761,-50.0
762,-74.0
763,-79.0
764,-79.0
765,-71.0
766,-71.0
767,-78.0
768,-79.0
769,-79.0
770,-70.0
771,-79.0
772,-61.0
773,-62.0
774,-46.0
775,-76.0
776,-79.0
777,-69.0
778,-49.0
779,-49.0
780,-72.0
781,-79.0
782,-51.0
783,-76.0
784,-79.0
785,-78.0
786,-71.0
787,-71.0
788,-77.0
789,-79.0
790,-79.0
791,-69.0
792,-79.0
793,-61.0
794,-62.0
795,-46.0
796,-76.0
797,-79.0
798,-67.0
799,-72.0
800,-79.0
801,-51.0
802,-74.0
803,-79.0
804,-78.0
805,-71.0
806,-69.0
807,-79.0
808,-79.0
809,-79.0
810,-68.0
811,-79.0
812,-60.0
813,-63.0
814,-44.0
815,-76.0
816,-79.0
817,-70.0
818,-50.0
819,-72.0
820,-79.0
821,-51.0
822,-76.0
823,-79.0
824,-79.0
825,-71.0
826,-70.0
827,-79.0
828,-79.0
829,-79.0
830,-70.0
831,-79.0
832,-62.0
833,-63.0
834,-44.0
835,-77.0
836,-79.0
837,-68.0
838,-51.0
839,-73.0
840,-79.0
841,-51.0
842,-76.0
843,-79.0
844,-79.0
845,-74.0
846,-73.0
847,-79.0
848,-79.0
849,-79.0
850,-71.0
851,-79.0
852,-62.0
853,-63.0
854,-43.0
855,-77.0
856,-79.0
857,-68.0
858,-51.0
859,-72.0
860,-79.0
861,-51.0
862,-76.0
863,-79.0
864,-79.0
865,-74.0
866,-72.0
867,-79.0
868,-79.0
869,-79.0
870,-71.0
871,-79.0
872,-63.0
873,-63.0
874,-43.0
875,-75.0
876,-79.0
877,-68.0
878,-50.0
879,-73.0
880,-79.0
881,-51.0
882,-76.0
883,-79.0
884,-79.0
885,-73.0
886,-73.0
887,-79.0
888,-79.0
889,-79.0
890,-70.0
891,-79.0
892,-63.0
893,-63.0
894,-44.0
895,-75.0
896,-79.0
897,-68.0
898,-50.0
899,-70.0
900,-79.0
901,-51.0
902,-76.0
903,-79.0
904,-79.0
905,-71.0
906,-73.0
907,-77.0
908,-79.0
909,-79.0
910,-69.0
911,-79.0
912,-60.0
913,-62.0
914,-44.0
915,-75.0
916,-79.0
917,-68.0
918,-51.0
919,-73.0
920,-79.0
921,-53.0
922,-78.0
923,-79.0
924,-79.0
925,-72.0
926,-69.0
927,-78.0
928,-79.0
929,-79.0
930,-69.0
931,-79.0
932,-61.0
933,-63.0
934,-43.0
935,-78.0
936,-79.0
937,-67.0
938,-50.0
939,-72.0
940,-79.0
941,-53.0
942,-76.0
943,-79.0
944,-79.0
945,-72.0
946,-69.0
947,-77.0
948,-79.0
949,-79.0
950,-70.0
951,-79.0
952,-60.0
953,-63.0
954,-42.0
955,-77.0
956,-79.0
957,-67.0
958,-50.0
959,-72.0
960,-79.0
961,-53.0
962,-76.0
963,-79.0
964,-79.0
965,-73.0
966,-70.0
967,-78.0
968,-79.0
969,-79.0
970,-70.0
971,-79.0
972,-60.0
973,-62.0
974,-43.0
975,-77.0
976,-79.0
977,-67.0
978,-50.0
979,-73.0
980,-79.0
981,-54.0
982,-76.0
983,-79.0
984,-79.0
985,-72.0
986,-70.0
987,-78.0
988,-79.0
989,-79.0
990,-69.0
991,-79.0
992,-60.0
993,-64.0
994,-43.0
995,-78.0
996,-79.0
997,-67.0
998,-50.0
999,-73.0
1000,-54.0
1001,-76.0
1002,-79.0
1003,-79.0
1004,-72.0
1005,-70.0
1006,-79.0
1007,-79.0
1008,-79.0
1009,-70.0
1010,-79.0
1011,-61.0
1012,-63.0
1013,-42.0
1014,-78.0
1015,-79.0
1016,-68.0
1017,-51.0
1018,-72.0
1019,-54.0
1020,-76.0
1021,-79.0
1022,-78.0
1023,-74.0
1024,-71.0
1025,-77.0
1026,-79.0
1027,-79.0
1028,-68.0
1029,-79.0
1030,-60.0
1031,-64.0
1032,-42.0
1033,-78.0
1034,-79.0
1035,-67.0
1036,-51.0
1037,-76.0
1038,-54.0
1039,-76.0
1040,-79.0
1041,-78.0
1042,-74.0
1043,-71.0
1044,-79.0
1045,-79.0
1046,-79.0
1047,-68.0
1048,-79.0
1049,-58.0
1050,-64.0
1051,-46.0
1052,-78.0
1053,-79.0
1054,-67.0
1055,-51.0
1056,-75.0
1057,-54.0
1058,-76.0
1059,-79.0
1060,-78.0
1061,-72.0
1062,-68.0
1063,-79.0
1064,-79.0
1065,-79.0
1066,-70.0
1067,-79.0
1068,-58.0
1069,-63.0
1070,-48.0
1071,-77.0
1072,-79.0
1073,-67.0
1074,-51.0
1075,-51.0
1076,-75.0
1077,-56.0
1078,-76.0
1079,-79.0
1080,-78.0
1081,-72.0
1082,-68.0
1083,-79.0
1084,-79.0
1085,-79.0
1086,-72.0
1087,-79.0
1088,-59.0
1089,-65.0
1090,-48.0
1091,-77.0
1092,-79.0
1093,-67.0
1094,-75.0
1095,-56.0
1096,-76.0
1097,-79.0
1098,-78.0
1099,-72.0
1100,-69.0
1101,-79.0
1102,-79.0
1103,-79.0
1104,-69.0
1105,-79.0
1106,-59.0
1107,-65.0
1108,-48.0
1109,-77.0
1110,-79.0
1111,-68.0
1112,-51.0
1113,-75.0
1114,-56.0
1115,-76.0
1116,-79.0
1117,-78.0
1118,-70.0
1119,-68.0
1120,-79.0
1121,-79.0
1122,-79.0
1123,-70.0
1124,-79.0
1125,-59.0
1126,-66.0
1127,-52.0
1128,-78.0
1129,-79.0
1130,-66.0
1131,-51.0
1132,-76.0
1133,-55.0
1134,-77.0
1135,-79.0
1136,-78.0
1137,-70.0
1138,-70.0
1139,-79.0
1140,-79.0
1141,-79.0
1142,-71.0
1143,-79.0
1144,-58.0
1145,-66.0
1146,-50.0
1147,-77.0
1148,-79.0
1149,-66.0
1150,-51.0
1151,-76.0
1152,-58.0
1153,-75.0
1154,-79.0
1155,-78.0
1156,-72.0
1157,-69.0
1158,-79.0
1159,-79.0
1160,-79.0
1161,-71.0
1162,-79.0
1163,-58.0
1164,-65.0
1165,-48.0
1166,-77.0
1167,-79.0
1168,-66.0
1169,-51.0
1170,-74.0
1171,-58.0
1172,-76.0
1173,-79.0
1174,-78.0
1175,-72.0
1176,-68.0
1177,-79.0
1178,-79.0
1179,-78.0
1180,-72.0
1181,-79.0
1182,-58.0
1183,-64.0
1184,-49.0
1185,-76.0
1186,-79.0
1187,-67.0
1188,-51.0
1189,-76.0
1190,-55.0
1191,-75.0
1192,-79.0
1193,-78.0
1194,-72.0
1195,-68.0
1196,-79.0
1197,-79.0
1198,-78.0
1199,-70.0
1200,-79.0
1201,-58.0
1202,-64.0
1203,-52.0
1204,-76.0
1205,-79.0
1206,-65.0
1207,-52.0
1208,-76.0
1209,-56.0
1210,-74.0
1211,-79.0
1212,-78.0
1213,-70.0
1214,-68.0
1215,-79.0
1216,-79.0
1217,-78.0
1218,-70.0
1219,-79.0
1220,-58.0
1221,-66.0
1222,-51.0
1223,-77.0
1224,-79.0
1225,-65.0
1226,-51.0
1227,-75.0
1228,-56.0
1229,-74.0
1230,-79.0
1231,-78.0
1232,-71.0
1233,-68.0
1234,-78.0
1235,-79.0
1236,-78.0
1237,-71.0
1238,-79.0
1239,-58.0
1240,-65.0
1241,-48.0
1242,-76.0
1243,-79.0
1244,-65.0
1245,-52.0
1246,-76.0
1247,-57.0
1248,-76.0
1249,-79.0
1250,-79.0
1251,-70.0
1252,-68.0
1253,-77.0
1254,-79.0
1255,-78.0
1256,-71.0
1257,-79.0
1258,-60.0
1259,-65.0
1260,-51.0
1261,-75.0
1262,-79.0
1263,-62.0
1264,-51.0
1265,-75.0
1266,-57.0
1267,-77.0
1268,-79.0
1269,-79.0
1270,-70.0
1271,-70.0
1272,-77.0
1273,-79.0
1274,-78.0
1275,-69.0
1276,-79.0
1277,-59.0
1278,-66.0
1279,-49.0
1280,-75.0
1281,-79.0
1282,-62.0
1283,-51.0
1284,-75.0
1285,-56.0
1286,-76.0
1287,-79.0
1288,-79.0
1289,-71.0
1290,-69.0
1291,-79.0
1292,-79.0
1293,-78.0
1294,-69.0
1295,-79.0
1296,-59.0
1297,-66.0
1298,-50.0
1299,-75.0
1300,-79.0
1301,-63.0
1302,-52.0
1303,-77.0
1304,-55.0
1305,-76.0
1306,-79.0
1307,-79.0
1308,-71.0
1309,-72.0
1310,-79.0
1311,-79.0
1312,-76.0
1313,-68.0
1314,-79.0
1315,-58.0
1316,-67.0
1317,-52.0
1318,-75.0
1319,-79.0
1320,-62.0
1321,-52.0
1322,-76.0
1323,-57.0
1324,-76.0
1325,-79.0
1326,-79.0
1327,-73.0
1328,-68.0
1329,-73.0
1330,-79.0
1331,-76.0
1332,-69.0
1333,-79.0
1334,-60.0
1335,-65.0
1336,-49.0
1337,-75.0
1338,-79.0
1339,-62.0
1340,-51.0
1341,-78.0
1342,-56.0
1343,-74.0
1344,-79.0
1345,-79.0
1346,-73.0
1347,-71.0
1348,-75.0
1349,-79.0
1350,-76.0
1351,-70.0
1352,-79.0
1353,-60.0
1354,-66.0
1355,-50.0
1356,-75.0
1357,-79.0
1358,-62.0
1359,-52.0
1360,-76.0
1361,-56.0
1362,-74.0
1363,-79.0
1364,-79.0
1365,-71.0
1366,-71.0
1367,-79.0
1368,-79.0
1369,-76.0
1370,-70.0
1371,-79.0
1372,-59.0
1373,-65.0
1374,-50.0
1375,-75.0
1376,-79.0
1377,-62.0
1378,-52.0
1379,-75.0
1380,-57.0
1381,-75.0
1382,-79.0
1383,-79.0
1384,-71.0
1385,-68.0
1386,-79.0
1387,-79.0
1388,-76.0
1389,-69.0
1390,-79.0
1391,-59.0
1392,-65.0
1393,-50.0
1394,-76.0
1395,-79.0
1396,-61.0
1397,-51.0
1398,-76.0
1399,-56.0
1400,-76.0
1401,-79.0
1402,-79.0
1403,-72.0
1404,-68.0
1405,-79.0
1406,-79.0
1407,-78.0
1408,-69.0
1409,-79.0
1410,-60.0
1411,-69.0
1412,-50.0
1413,-75.0
1414,-79.0
1415,-60.0
1416,-51.0
1417,-74.0
1418,-55.0
1419,-76.0
1420,-79.0
1421,-79.0
1422,-70.0
1423,-68.0
1424,-77.0
1425,-79.0
1426,-77.0
1427,-70.0
1428,-79.0
1429,-59.0
1430,-66.0
1431,-50.0
1432,-75.0
1433,-79.0
1434,-60.0
1435,-51.0
1436,-75.0
1437,-57.0
1438,-75.0
1439,-79.0
1440,-79.0
1441,-69.0
1442,-69.0
1443,-74.0
1444,-79.0
1445,-77.0
1446,-69.0
1447,-79.0
1448,-60.0
1449,-67.0
1450,-51.0
1451,-75.0
1452,-79.0
1453,-60.0
1454,-51.0
1455,-76.0
1456,-55.0
1457,-75.0
1458,-79.0
1459,-79.0
1460,-69.0
1461,-69.0
1462,-79.0
1463,-79.0
1464,-77.0
1465,-69.0
1466,-79.0
1467,-59.0
1468,-66.0
1469,-51.0
1470,-75.0
1471,-79.0
1472,-60.0
1473,-51.0
1474,-74.0
1475,-57.0
1476,-76.0
1477,-79.0
1478,-79.0
1479,-70.0
1480,-69.0
1481,-79.0
1482,-79.0
1483,-77.0
1484,-68.0
1485,-79.0
1486,-65.0
1487,-65.0
1488,-50.0
1489,-77.0
1490,-79.0
1491,-63.0
1492,-60.0
1493,-76.0
1494,-58.0
1495,-73.0
1496,-79.0
1497,-79.0
1498,-71.0
1499,-69.0
1500,-78.0
1501,-79.0
1502,-77.0
1503,-72.0
1504,-79.0
1505,-61.0
1506,-62.0
1507,-52.0
1508,-77.0
1509,-79.0
1510,-63.0
1511,-60.0
1512,-75.0
1513,-57.0
1514,-74.0
1515,-79.0
1516,-79.0
1517,-68.0
1518,-69.0
1519,-77.0
1520,-79.0
1521,-77.0
1522,-71.0
1523,-79.0
1524,-64.0
1525,-63.0
1526,-51.0
1527,-77.0
1528,-79.0
1529,-67.0
1530,-60.0
1531,-79.0
1532,-59.0
1533,-74.0
1534,-79.0
1535,-79.0
1536,-67.0
1537,-73.0
1538,-79.0
1539,-79.0
1540,-77.0
1541,-71.0
1542,-79.0
1543,-64.0
1544,-61.0
1545,-49.0
1546,-77.0
1547,-79.0
1548,-67.0
1549,-61.0
1550,-78.0
1551,-58.0
1552,-76.0
1553,-79.0
1554,-76.0
1555,-67.0
1556,-71.0
1557,-77.0
1558,-79.0
1559,-77.0
1560,-71.0
1561,-79.0
1562,-65.0
1563,-62.0
1564,-50.0
1565,-74.0
1566,-79.0
1567,-67.0
1568,-60.0
1569,-78.0
1570,-79.0
1571,-58.0
1572,-72.0
1573,-79.0
1574,-79.0
1575,-66.0
1576,-73.0
1577,-77.0
1578,-79.0
1579,-77.0
1580,-70.0
1581,-79.0
1582,-65.0
1583,-63.0
1584,-49.0
1585,-79.0
1586,-79.0
1587,-67.0
1588,-61.0
1589,-78.0
1590,-79.0
1591,-58.0
1592,-72.0
1593,-79.0
1594,-79.0
1595,-66.0
1596,-73.0
1597,-77.0
1598,-79.0
1599,-79.0
1600,-69.0
1601,-79.0
1602,-65.0
1603,-63.0
1604,-49.0
1605,-79.0
1606,-79.0
1607,-68.0
1608,-61.0
1609,-78.0
1610,-78.0
1611,-60.0
1612,-73.0
1613,-79.0
1614,-79.0
1615,-65.0
1616,-73.0
1617,-79.0
1618,-79.0
1619,-79.0
1620,-68.0
1621,-79.0
1622,-67.0
1623,-63.0
1624,-49.0
1625,-76.0
1626,-79.0
1627,-69.0
1628,-60.0
1629,-78.0
1630,-77.0
1631,-57.0
1632,-73.0
1633,-79.0
1634,-79.0
1635,-66.0
1636,-71.0
1637,-79.0
1638,-79.0
1639,-79.0
1640,-72.0
1641,-79.0
1642,-60.0
1643,-64.0
1644,-47.0
1645,-74.0
1646,-79.0
1647,-69.0
1648,-51.0
1649,-78.0
1650,-77.0
1651,-57.0
1652,-75.0
1653,-79.0
1654,-79.0
1655,-68.0
1656,-71.0
1657,-78.0
1658,-79.0
1659,-79.0
1660,-69.0
1661,-79.0
1662,-59.0
1663,-69.0
1664,-49.0
1665,-74.0
1666,-79.0
1667,-69.0
1668,-50.0
1669,-78.0
1670,-79.0
1671,-57.0
1672,-75.0
1673,-79.0
1674,-79.0
1675,-67.0
1676,-70.0
1677,-79.0
1678,-79.0
1679,-79.0
1680,-69.0
1681,-79.0
1682,-60.0
1683,-68.0
1684,-50.0
1685,-77.0
1686,-79.0
1687,-69.0
1688,-50.0
1689,-78.0
1690,-77.0
1691,-58.0
1692,-76.0
1693,-79.0
1694,-78.0
1695,-68.0
1696,-70.0
1697,-79.0
1698,-79.0
1699,-79.0
1700,-69.0
1701,-79.0
1702,-59.0
1703,-67.0
1704,-48.0
1705,-75.0
1706,-79.0
1707,-69.0
1708,-51.0
1709,-76.0
1710,-79.0
1711,-58.0
1712,-74.0
1713,-79.0
1714,-78.0
1715,-68.0
1716,-74.0
1717,-79.0
1718,-79.0
1719,-79.0
1720,-70.0
1721,-79.0
1722,-60.0
1723,-67.0
1724,-51.0
1725,-76.0
1726,-79.0
1727,-69.0
1728,-51.0
1729,-77.0
1730,-78.0
1731,-56.0
1732,-74.0
1733,-79.0
1734,-78.0
1735,-66.0
1736,-74.0
1737,-79.0
1738,-79.0
1739,-79.0
1740,-68.0
1741,-79.0
1742,-59.0
1743,-66.0
1744,-51.0
1745,-76.0
1746,-79.0
1747,-69.0
1748,-50.0
1749,-77.0
1750,-77.0
1751,-58.0
1752,-74.0
1753,-79.0
1754,-78.0
1755,-67.0
1756,-71.0
1757,-79.0
1758,-79.0
1759,-79.0
1760,-68.0
1761,-79.0
1762,-59.0
1763,-66.0
1764,-48.0
1765,-76.0
1766,-79.0
1767,-71.0
1768,-50.0
1769,-77.0
1770,-76.0
1771,-57.0
1772,-74.0
1773,-79.0
1774,-78.0
1775,-66.0
1776,-71.0
1777,-79.0
1778,-79.0
1779,-79.0
1780,-68.0
1781,-79.0
1782,-59.0
1783,-66.0
1784,-51.0
1785,-76.0
1786,-79.0
1787,-75.0
1788,-50.0
1789,-77.0
1790,-78.0
1791,-58.0
1792,-75.0
1793,-79.0
1794,-78.0
1795,-68.0
1796,-71.0
1797,-79.0
1798,-79.0
1799,-79.0
1800,-67.0
1801,-79.0
1802,-61.0
1803,-66.0
1804,-50.0
1805,-76.0
1806,-79.0
1807,-75.0
1808,-50.0
1809,-77.0
1810,-77.0
1811,-57.0
1812,-75.0
1813,-79.0
1814,-78.0
1815,-68.0
1816,-73.0
1817,-79.0
1818,-79.0
1819,-79.0
1820,-71.0
1821,-79.0
1822,-58.0
1823,-67.0
1824,-50.0
1825,-76.0
1826,-79.0
1827,-70.0
1828,-50.0
1829,-77.0
1830,-78.0
1831,-58.0
1832,-75.0
1833,-79.0
1834,-78.0
1835,-69.0
1836,-73.0
1837,-79.0
1838,-79.0
1839,-79.0
1840,-70.0
1841,-79.0
1842,-59.0
1843,-66.0
1844,-49.0
1845,-75.0
1846,-78.0
1847,-70.0
1848,-50.0
1849,-77.0
1850,-78.0
1851,-58.0
1852,-74.0
1853,-79.0
1854,-78.0
1855,-68.0
1856,-73.0
1857,-79.0
1858,-79.0
1859,-79.0
1860,-70.0
1861,-79.0
1862,-61.0
1863,-68.0
1864,-50.0
1865,-76.0
1866,-79.0
1867,-72.0
1868,-49.0
1869,-77.0
1870,-79.0
1871,-58.0
1872,-74.0
1873,-79.0
1874,-78.0
1875,-69.0
1876,-76.0
1877,-79.0
1878,-79.0
1879,-79.0
1880,-72.0
1881,-79.0
1882,-58.0
1883,-67.0
1884,-50.0
1885,-76.0
1886,-79.0
1887,-72.0
1888,-50.0
1889,-77.0
1890,-78.0
1891,-57.0
1892,-74.0
1893,-79.0
1894,-78.0
1895,-66.0
1896,-69.0
1897,-79.0
1898,-79.0
1899,-79.0
1900,-70.0
1901,-79.0
1902,-61.0
1903,-66.0
1904,-51.0
1905,-77.0
1906,-79.0
1907,-71.0
1908,-49.0
1909,-77.0
1910,-77.0
1911,-57.0
1912,-74.0
1913,-79.0
1914,-78.0
1915,-68.0
1916,-73.0
1917,-79.0
1918,-79.0
1919,-79.0
1920,-69.0
1921,-79.0
1922,-58.0
1923,-66.0
1924,-51.0
1925,-77.0
1926,-77.0
1927,-71.0
1928,-50.0
1929,-77.0
1930,-78.0
1931,-56.0
1932,-76.0
1933,-79.0
1934,-78.0
1935,-68.0
1936,-68.0
1937,-79.0
1938,-79.0
1939,-79.0
1940,-69.0
1941,-79.0
1942,-60.0
1943,-65.0
1944,-50.0
1945,-76.0
1946,-77.0
1947,-69.0
1948,-50.0
1949,-77.0
1950,-75.0
1951,-57.0
1952,-76.0
1953,-79.0
1954,-78.0
1955,-67.0
1956,-67.0
1957,-79.0
1958,-79.0
1959,-79.0
1960,-68.0
1961,-79.0
1962,-63.0
1963,-66.0
1964,-53.0
1965,-77.0
1966,-78.0
1967,-69.0
1968,-50.0
1969,-77.0
1970,-76.0
1971,-56.0
1972,-75.0
1973,-79.0
1974,-78.0
1975,-67.0
1976,-70.0
1977,-79.0
1978,-79.0
1979,-79.0
1980,-67.0
1981,-79.0
1982,-61.0
1983,-70.0
1984,-50.0
1985,-77.0
1986,-77.0
1987,-71.0
1988,-50.0
1989,-77.0
1990,-77.0
1991,-56.0
1992,-73.0
1993,-79.0
1994,-78.0
1995,-69.0
1996,-72.0
1997,-79.0
1998,-79.0
1999,-79.0
2000,-68.0
2001,-79.0
2002,-60.0
2003,-66.0
2004,-51.0
2005,-77.0
2006,-78.0
2007,-72.0
2008,-50.0
2009,-77.0
2010,-76.0
2011,-56.0
2012,-74.0
2013,-79.0
2014,-78.0
2015,-69.0
2016,-72.0
2017,-79.0
2018,-79.0
2019,-79.0
2020,-69.0
2021,-79.0
2022,-60.0
2023,-66.0
2024,-49.0
2025,-77.0
2026,-79.0
2027,-71.0
2028,-50.0
2029,-77.0
2030,-76.0
2031,-56.0
2032,-74.0
2033,-79.0
2034,-78.0
2035,-70.0
2036,-70.0
2037,-79.0
2038,-79.0
2039,-79.0
2040,-68.0
2041,-79.0
2042,-59.0
2043,-68.0
2044,-49.0
2045,-77.0
2046,-79.0
2047,-71.0
2048,-50.0
2049,-77.0
2050,-78.0
2051,-56.0
2052,-74.0
2053,-79.0
2054,-78.0
2055,-70.0
2056,-70.0
2057,-79.0
2058,-79.0
2059,-79.0
2060,-71.0
2061,-79.0
2062,-60.0
2063,-69.0
2064,-49.0
2065,-77.0
2066,-79.0
2067,-72.0
2068,-51.0
2069,-77.0
2070,-78.0
2071,-57.0
2072,-74.0
2073,-79.0
2074,-78.0
2075,-69.0
2076,-70.0
2077,-79.0
2078,-79.0
2079,-79.0
2080,-67.0
2081,-79.0
2082,-59.0
2083,-68.0
2084,-49.0
2085,-77.0
2086,-79.0
2087,-72.0
2088,-51.0
2089,-77.0
2090,-79.0
2091,-57.0
2092,-74.0
2093,-79.0
2094,-78.0
2095,-70.0
2096,-69.0
2097,-77.0
2098,-79.0
2099,-79.0
2100,-69.0
2101,-79.0
2102,-58.0
2103,-67.0
2104,-50.0
2105,-77.0
2106,-79.0
2107,-72.0
2108,-51.0
2109,-79.0
2110,-77.0
2111,-57.0
2112,-73.0
2113,-79.0
2114,-78.0
2115,-70.0
2116,-69.0
2117,-79.0
2118,-79.0
2119,-79.0
2120,-72.0
2121,-79.0
2122,-58.0
2123,-68.0
2124,-50.0
2125,-77.0
2126,-79.0
2127,-72.0
2128,-51.0
2129,-79.0
2130,-77.0
2131,-57.0
2132,-74.0
2133,-79.0
2134,-78.0
2135,-69.0
2136,-69.0
2137,-79.0
2138,-79.0
2139,-79.0
2140,-70.0
2141,-79.0
2142,-61.0
2143,-66.0
2144,-49.0
2145,-78.0
2146,-79.0
2147,-72.0
2148,-51.0
2149,-79.0
2150,-79.0
2151,-57.0
2152,-74.0
2153,-79.0
2154,-69.0
2155,-67.0
2156,-79.0
2157,-79.0
2158,-79.0
2159,-69.0
2160,-79.0
2161,-58.0
2162,-66.0
2163,-50.0
2164,-76.0
2165,-79.0
2166,-71.0
2167,-51.0
2168,-79.0
2169,-76.0
2170,-59.0
2171,-72.0
2172,-79.0
2173,-70.0
2174,-73.0
2175,-79.0
2176,-79.0
2177,-69.0
2178,-79.0
2179,-57.0
2180,-64.0
2181,-50.0
2182,-79.0
2183,-78.0
2184,-71.0
2185,-51.0
2186,-79.0
2187,-77.0
2188,-56.0
2189,-72.0
2190,-79.0
2191,-79.0
2192,-71.0
2193,-73.0
2194,-79.0
2195,-79.0
2196,-69.0
2197,-79.0
2198,-59.0
2199,-65.0
2200,-47.0
2201,-79.0
2202,-79.0
2203,-73.0
2204,-51.0
2205,-79.0
2206,-76.0
2207,-57.0
2208,-71.0
2209,-79.0
2210,-79.0
2211,-68.0
2212,-70.0
2213,-78.0
2214,-79.0
2215,-70.0
2216,-79.0
2217,-59.0
2218,-66.0
2219,-50.0
2220,-79.0
2221,-79.0
2222,-73.0
2223,-52.0
2224,-79.0
2225,-79.0
2226,-57.0
2227,-74.0
2228,-79.0
2229,-79.0
2230,-70.0
2231,-70.0
2232,-79.0
2233,-79.0
2234,-68.0
2235,-79.0
2236,-57.0
2237,-65.0
2238,-48.0
2239,-78.0
2240,-79.0
2241,-72.0
2242,-52.0
2243,-79.0
2244,-78.0
2245,-57.0
2246,-72.0
2247,-79.0
2248,-79.0
2249,-70.0
2250,-69.0
2251,-79.0
2252,-79.0
2253,-70.0
2254,-79.0
2255,-57.0
2256,-65.0
2257,-48.0
2258,-78.0
2259,-79.0
2260,-72.0
2261,-51.0
2262,-79.0
2263,-77.0
2264,-57.0
2265,-71.0
2266,-79.0
2267,-79.0
2268,-70.0
2269,-69.0
2270,-78.0
2271,-79.0
2272,-71.0
2273,-79.0
2274,-56.0
2275,-62.0
2276,-47.0
2277,-78.0
2278,-79.0
2279,-70.0
2280,-52.0
2281,-79.0
2282,-76.0
2283,-58.0
2284,-70.0
2285,-79.0
2286,-79.0
2287,-70.0
2288,-69.0
2289,-78.0
2290,-79.0
2291,-70.0
2292,-79.0
2293,-57.0
2294,-64.0
2295,-46.0
2296,-76.0
2297,-79.0
2298,-70.0
2299,-53.0
2300,-79.0
2301,-78.0
2302,-57.0
2303,-70.0
2304,-79.0
2305,-79.0
2306,-69.0
2307,-69.0
2308,-77.0
2309,-79.0
2310,-70.0
2311,-79.0
2312,-58.0
2313,-63.0
2314,-47.0
2315,-76.0
2316,-78.0
2317,-74.0
2318,-53.0
2319,-79.0
2320,-78.0
2321,-58.0
2322,-72.0
2323,-79.0
2324,-79.0
2325,-69.0
2326,-69.0
2327,-78.0
2328,-79.0
2329,-71.0
2330,-79.0
2331,-59.0
2332,-64.0
2333,-46.0
2334,-76.0
2335,-79.0
2336,-73.0
2337,-53.0
2338,-79.0
2339,-79.0
2340,-58.0
2341,-72.0
2342,-79.0
2343,-79.0
2344,-69.0
2345,-68.0
2346,-79.0
2347,-79.0
2348,-67.0
2349,-79.0
2350,-59.0
2351,-64.0
2352,-46.0
2353,-76.0
2354,-79.0
2355,-70.0
2356,-54.0
2357,-79.0
2358,-77.0
2359,-57.0
2360,-68.0
2361,-79.0
2362,-79.0
2363,-69.0
2364,-69.0
2365,-79.0
2366,-79.0
2367,-68.0
2368,-79.0
2369,-59.0
2370,-64.0
2371,-46.0
2372,-76.0
2373,-79.0
2374,-70.0
2375,-53.0
2376,-79.0
2377,-77.0
2378,-57.0
2379,-70.0
2380,-79.0
2381,-79.0
2382,-70.0
2383,-69.0
2384,-78.0
2385,-79.0
2386,-68.0
2387,-79.0
2388,-58.0
2389,-64.0
2390,-46.0
2391,-77.0
2392,-79.0
2393,-72.0
2394,-54.0
2395,-79.0
2396,-77.0
2397,-58.0
2398,-69.0
2399,-79.0
2400,-79.0
2401,-70.0
2402,-69.0
2403,-79.0
2404,-79.0
2405,-68.0
2406,-79.0
2407,-57.0
2408,-63.0
2409,-49.0
2410,-78.0
2411,-79.0
2412,-72.0
2413,-54.0
2414,-79.0
2415,-78.0
2416,-58.0
2417,-68.0
2418,-79.0
2419,-79.0
2420,-71.0
2421,-70.0
2422,-79.0
2423,-79.0
2424,-79.0
2425,-69.0
2426,-79.0
2427,-59.0
2428,-66.0
2429,-47.0
2430,-76.0
2431,-79.0
2432,-72.0
2433,-54.0
2434,-79.0
2435,-79.0
2436,-57.0
2437,-67.0
2438,-79.0
2439,-79.0
2440,-71.0
2441,-70.0
2442,-78.0
2443,-79.0
2444,-79.0
2445,-69.0
2446,-79.0
2447,-59.0
2448,-65.0
2449,-48.0
2450,-77.0
2451,-79.0
2452,-72.0
2453,-54.0
2454,-79.0
2455,-79.0
2456,-57.0
2457,-68.0
2458,-79.0
2459,-79.0
2460,-70.0
2461,-70.0
2462,-79.0
2463,-79.0
2464,-79.0
2465,-67.0
2466,-79.0
2467,-57.0
2468,-64.0
2469,-47.0
2470,-77.0
2471,-79.0
2472,-72.0
2473,-54.0
2474,-79.0
2475,-79.0
2476,-57.0
2477,-68.0
2478,-79.0
2479,-79.0
2480,-71.0
2481,-70.0
2482,-79.0
2483,-79.0
2484,-79.0
2485,-67.0
2486,-79.0
2487,-58.0
2488,-63.0
2489,-46.0
2490,-75.0
2491,-79.0
2492,-72.0
2493,-54.0
2494,-79.0
2495,-79.0
2496,-57.0
2497,-68.0
2498,-79.0
2499,-79.0
2500,-70.0
2501,-70.0
2502,-79.0
2503,-79.0
2504,-79.0
2505,-67.0
2506,-79.0
2507,-58.0
2508,-63.0
2509,-45.0
2510,-75.0
2511,-79.0
2512,-73.0
2513,-54.0
2514,-79.0
2515,-77.0
2516,-57.0
2517,-68.0
2518,-79.0
2519,-79.0
2520,-70.0
2521,-70.0
2522,-79.0
2523,-79.0
2524,-79.0
2525,-69.0
2526,-79.0
2527,-57.0
2528,-60.0
2529,-46.0
2530,-75.0
2531,-79.0
2532,-73.0
2533,-54.0
2534,-79.0
2535,-79.0
2536,-56.0
2537,-69.0
2538,-79.0
2539,-79.0
2540,-69.0
2541,-70.0
2542,-79.0
2543,-79.0
2544,-79.0
2545,-69.0
2546,-79.0
2547,-59.0
2548,-65.0
2549,-45.0
2550,-75.0
2551,-79.0
2552,-73.0
2553,-55.0
2554,-79.0
2555,-79.0
2556,-56.0
2557,-68.0
2558,-79.0
2559,-79.0
2560,-68.0
2561,-70.0
2562,-79.0
2563,-79.0
2564,-79.0
2565,-69.0
2566,-79.0
2567,-58.0
2568,-63.0
2569,-45.0
2570,-75.0
2571,-79.0
2572,-73.0
2573,-55.0
2574,-79.0
2575,-78.0
2576,-56.0
2577,-68.0
2578,-79.0
2579,-79.0
2580,-70.0
2581,-70.0
2582,-79.0
2583,-79.0
2584,-79.0
2585,-70.0
2586,-79.0
2587,-58.0
2588,-66.0
2589,-46.0
2590,-75.0
2591,-79.0
2592,-73.0
2593,-58.0
2594,-79.0
2595,-77.0
2596,-56.0
2597,-67.0
2598,-79.0
2599,-79.0
2600,-72.0
2601,-70.0
2602,-78.0
2603,-79.0
2604,-79.0
2605,-69.0
2606,-79.0
2607,-58.0
2608,-65.0
2609,-46.0
2610,-75.0
2611,-79.0
2612,-73.0
2613,-54.0
2614,-79.0
2615,-77.0
2616,-57.0
2617,-67.0
2618,-79.0
2619,-79.0
2620,-70.0
2621,-67.0
2622,-79.0
2623,-79.0
2624,-79.0
2625,-68.0
2626,-79.0
2627,-58.0
2628,-68.0
2629,-50.0
2630,-75.0
2631,-79.0
2632,-73.0
2633,-61.0
2634,-58.0
2635,-79.0
2636,-75.0
2637,-57.0
2638,-67.0
2639,-79.0
2640,-79.0
2641,-71.0
2642,-67.0
2643,-79.0
2644,-79.0
2645,-79.0
2646,-67.0
2647,-79.0
2648,-60.0
2649,-68.0
2650,-46.0
2651,-76.0
2652,-79.0
2653,-73.0
2654,-79.0
2655,-77.0
2656,-79.0
2657,-77.0
2658,-57.0
2659,-67.0
2660,-79.0
2661,-79.0
2662,-68.0
2663,-66.0
2664,-78.0
2665,-79.0
2666,-75.0
2667,-67.0
2668,-79.0
2669,-59.0
2670,-66.0
2671,-47.0
2672,-76.0
2673,-79.0
2674,-72.0
2675,-53.0
2676,-79.0
2677,-77.0
2678,-79.0
2679,-75.0
2680,-58.0
2681,-70.0
2682,-79.0
2683,-79.0
2684,-71.0
2685,-66.0
2686,-79.0
2687,-79.0
2688,-76.0
2689,-69.0
2690,-79.0
2691,-62.0
2692,-67.0
2693,-47.0
2694,-74.0
2695,-79.0
2696,-72.0
2697,-52.0
2698,-79.0
2699,-77.0
2700,-79.0
2701,-74.0
2702,-58.0
2703,-70.0
2704,-79.0
2705,-75.0
2706,-71.0
2707,-68.0
2708,-79.0
2709,-79.0
2710,-76.0
2711,-68.0
2712,-79.0
2713,-60.0
2714,-67.0
2715,-47.0
2716,-74.0
2717,-79.0
2718,-72.0
2719,-52.0
2720,-79.0
2721,-77.0
2722,-79.0
2723,-75.0
2724,-58.0
2725,-70.0
2726,-79.0
2727,-75.0
2728,-70.0
2729,-68.0
2730,-78.0
2731,-79.0
2732,-76.0
2733,-68.0
2734,-79.0
2735,-60.0
2736,-67.0
2737,-46.0
2738,-71.0
2739,-79.0
2740,-71.0
2741,-52.0
2742,-79.0
2743,-77.0
2744,-79.0
2745,-75.0
2746,-58.0
2747,-70.0
2748,-79.0
2749,-76.0
2750,-70.0
2751,-67.0
2752,-79.0
2753,-79.0
2754,-76.0
2755,-69.0
2756,-79.0
2757,-61.0
2758,-67.0
2759,-47.0
2760,-71.0
2761,-79.0
2762,-69.0
2763,-51.0
2764,-79.0
2765,-77.0
2766,-79.0
2767,-75.0
2768,-58.0
2769,-69.0
2770,-79.0
2771,-76.0
2772,-70.0
2773,-67.0
2774,-79.0
2775,-79.0
2776,-76.0
2777,-69.0
2778,-79.0
2779,-60.0
2780,-67.0
2781,-47.0
2782,-71.0
2783,-79.0
2784,-69.0
2785,-51.0
2786,-79.0
2787,-77.0
2788,-74.0
2789,-57.0
2790,-69.0
2791,-79.0
2792,-74.0
2793,-68.0
2794,-68.0
2795,-79.0
2796,-79.0
2797,-76.0
2798,-70.0
2799,-79.0
2800,-59.0
2801,-69.0
2802,-48.0
2803,-72.0
2804,-79.0
2805,-72.0
2806,-52.0
2807,-79.0
2808,-77.0
2809,-76.0
2810,-58.0
2811,-69.0
2812,-79.0
2813,-73.0
2814,-69.0
2815,-68.0
2816,-79.0
2817,-79.0
2818,-76.0
2819,-68.0
2820,-79.0
2821,-61.0
2822,-66.0
2823,-46.0
2824,-72.0
2825,-79.0
2826,-71.0
2827,-51.0
2828,-79.0
2829,-77.0
2830,-74.0
2831,-58.0
2832,-69.0
2833,-79.0
2834,-74.0
2835,-70.0
2836,-66.0
2837,-79.0
2838,-79.0
2839,-76.0
2840,-69.0
2841,-79.0
2842,-61.0
2843,-66.0
2844,-48.0
2845,-71.0
2846,-79.0
2847,-71.0
2848,-52.0
2849,-79.0
2850,-77.0
2851,-74.0
2852,-58.0
2853,-71.0
2854,-79.0
2855,-74.0
2856,-71.0
2857,-66.0
2858,-79.0
2859,-79.0
2860,-76.0
2861,-70.0
2862,-79.0
2863,-61.0
2864,-66.0
2865,-47.0
2866,-71.0
2867,-79.0
2868,-75.0
2869,-52.0
2870,-79.0
2871,-77.0
2872,-76.0
2873,-58.0
2874,-70.0
2875,-79.0
2876,-74.0
2877,-69.0
2878,-67.0
2879,-79.0
2880,-79.0
2881,-77.0
2882,-69.0
2883,-79.0
2884,-62.0
2885,-67.0
2886,-47.0
2887,-71.0
2888,-79.0
2889,-71.0
2890,-52.0
2891,-79.0
2892,-77.0
2893,-76.0
2894,-58.0
2895,-70.0
2896,-79.0
2897,-74.0
2898,-69.0
2899,-67.0
2900,-78.0
2901,-79.0
2902,-77.0
2903,-69.0
2904,-79.0
2905,-60.0
2906,-68.0
2907,-47.0
2908,-71.0
2909,-78.0
2910,-71.0
2911,-52.0
2912,-79.0
2913,-77.0
2914,-77.0
2915,-58.0
2916,-70.0
2917,-79.0
2918,-74.0
2919,-67.0
2920,-69.0
2921,-79.0
2922,-79.0
2923,-77.0
2924,-68.0
2925,-79.0
2926,-63.0
2927,-67.0
2928,-48.0
2929,-73.0
2930,-79.0
2931,-72.0
2932,-51.0
2933,-79.0
2934,-77.0
2935,-75.0
2936,-58.0
2937,-71.0
2938,-79.0
2939,-74.0
2940,-66.0
2941,-67.0
2942,-79.0
2943,-79.0
2944,-77.0
2945,-68.0
2946,-79.0
2947,-62.0
2948,-67.0
2949,-47.0
2950,-73.0
2951,-77.0
2952,-72.0
2953,-51.0
2954,-79.0
2955,-77.0
2956,-76.0
2957,-56.0
2958,-71.0
2959,-79.0
2960,-74.0
2961,-66.0
2962,-67.0
2963,-78.0
2964,-79.0
2965,-75.0
2966,-69.0
2967,-79.0
2968,-62.0
2969,-67.0
2970,-48.0
2971,-73.0
2972,-77.0
2973,-71.0
2974,-51.0
2975,-79.0
2976,-77.0
2977,-76.0
2978,-57.0
2979,-71.0
2980,-79.0
2981,-74.0
2982,-66.0
2983,-67.0
2984,-76.0
2985,-79.0
2986,-77.0
2987,-69.0
2988,-79.0
2989,-61.0
2990,-66.0
2991,-48.0
2992,-73.0
2993,-77.0
2994,-71.0
2995,-51.0
2996,-79.0
2997,-77.0
2998,-78.0
2999,-57.0
3000,-72.0
3001,-79.0
3002,-76.0
3003,-66.0
3004,-67.0
3005,-77.0
3006,-79.0
3007,-77.0
3008,-69.0
3009,-79.0
3010,-61.0
3011,-66.0
3012,-48.0
3013,-73.0
3014,-79.0
3015,-71.0
3016,-50.0
3017,-79.0
3018,-77.0
3019,-75.0
3020,-57.0
3021,-73.0
3022,-79.0
3023,-76.0
3024,-66.0
3025,-66.0
3026,-78.0
3027,-79.0
3028,-77.0
3029,-69.0
3030,-79.0
3031,-61.0
3032,-66.0
3033,-48.0
3034,-73.0
3035,-79.0
3036,-72.0
3037,-51.0
3038,-79.0
3039,-77.0
3040,-76.0
3041,-57.0
3042,-71.0
3043,-79.0
3044,-76.0
3045,-66.0
3046,-66.0
3047,-79.0
3048,-79.0
3049,-77.0
3050,-69.0
3051,-79.0
3052,-61.0
3053,-67.0
3054,-48.0
3055,-72.0
3056,-79.0
3057,-72.0
3058,-51.0
3059,-79.0
3060,-77.0
3061,-51.0
3062,-76.0
3063,-57.0
3064,-70.0
3065,-79.0
3066,-76.0
3067,-65.0
3068,-67.0
3069,-78.0
3070,-79.0
3071,-77.0
3072,-69.0
3073,-79.0
3074,-62.0
3075,-67.0
3076,-48.0
3077,-72.0
3078,-79.0
3079,-72.0
3080,-79.0
3081,-77.0
3082,-76.0
3083,-57.0
3084,-71.0
3085,-79.0
3086,-77.0
3087,-64.0
3088,-68.0
3089,-78.0
3090,-79.0
3091,-77.0
3092,-69.0
3093,-79.0
3094,-62.0
3095,-66.0
3096,-48.0
3097,-73.0
3098,-79.0
3099,-72.0
3100,-51.0
3101,-79.0
3102,-77.0
3103,-76.0
3104,-57.0
3105,-71.0
3106,-79.0
3107,-78.0
3108,-64.0
3109,-68.0
3110,-78.0
3111,-79.0
3112,-77.0
3113,-68.0
3114,-79.0
3115,-61.0
3116,-67.0
3117,-48.0
3118,-72.0
3119,-78.0
3120,-70.0
3121,-51.0
3122,-79.0
3123,-77.0
3124,-77.0
3125,-57.0
3126,-71.0
3127,-79.0
3128,-78.0
3129,-64.0
3130,-66.0
3131,-78.0
3132,-79.0
3133,-79.0
3134,-69.0
3135,-79.0
3136,-61.0
3137,-67.0
3138,-49.0
3139,-72.0
3140,-79.0
3141,-70.0
3142,-51.0
3143,-79.0
3144,-76.0
3145,-57.0
3146,-71.0
3147,-79.0
3148,-79.0
3149,-66.0
3150,-66.0
3151,-79.0
3152,-79.0
3153,-79.0
3154,-69.0
3155,-79.0
3156,-59.0
3157,-67.0
3158,-50.0
3159,-74.0
3160,-79.0
3161,-73.0
3162,-52.0
3163,-79.0
3164,-77.0
3165,-57.0
3166,-71.0
3167,-79.0
3168,-79.0
3169,-65.0
3170,-67.0
3171,-77.0
3172,-79.0
3173,-79.0
3174,-69.0
3175,-79.0
3176,-60.0
3177,-65.0
3178,-50.0
3179,-74.0
3180,-79.0
3181,-71.0
3182,-52.0
3183,-79.0
3184,-76.0
3185,-57.0
3186,-72.0
3187,-79.0
3188,-79.0
3189,-65.0
3190,-67.0
3191,-79.0
3192,-79.0
3193,-79.0
3194,-69.0
3195,-79.0
3196,-60.0
3197,-65.0
3198,-49.0
3199,-74.0
3200,-79.0
3201,-71.0
3202,-52.0
3203,-79.0
3204,-77.0
3205,-57.0
3206,-72.0
3207,-79.0
3208,-79.0
3209,-66.0
3210,-66.0
3211,-77.0
3212,-79.0
3213,-79.0
3214,-68.0
3215,-79.0
3216,-61.0
3217,-65.0
3218,-50.0
3219,-75.0
3220,-79.0
3221,-71.0
3222,-52.0
3223,-79.0
3224,-76.0
3225,-56.0
3226,-71.0
3227,-79.0
3228,-79.0
3229,-65.0
3230,-64.0
3231,-78.0
3232,-79.0
3233,-79.0
3234,-69.0
3235,-79.0
3236,-59.0
3237,-66.0
3238,-50.0
3239,-73.0
3240,-79.0
3241,-71.0
3242,-51.0
3243,-79.0
3244,-76.0
3245,-56.0
3246,-72.0
3247,-79.0
3248,-79.0
3249,-66.0
3250,-64.0
3251,-79.0
3252,-79.0
3253,-79.0
3254,-70.0
3255,-79.0
3256,-58.0
3257,-65.0
3258,-50.0
3259,-74.0
3260,-79.0
3261,-72.0
3262,-52.0
3263,-52.0
3264,-77.0
3265,-56.0
3266,-72.0
3267,-79.0
3268,-79.0
3269,-66.0
3270,-66.0
3271,-79.0
3272,-79.0
3273,-79.0
3274,-68.0
3275,-79.0
3276,-59.0
3277,-66.0
3278,-49.0
3279,-74.0
3280,-79.0
3281,-70.0
3282,-76.0
3283,-55.0
3284,-72.0
3285,-79.0
3286,-79.0
3287,-65.0
3288,-66.0
3289,-79.0
3290,-79.0
3291,-79.0
3292,-68.0
3293,-79.0
3294,-59.0
3295,-65.0
3296,-50.0
3297,-74.0
3298,-78.0
3299,-70.0
3300,-52.0
3301,-77.0
3302,-55.0
3303,-72.0
3304,-79.0
3305,-79.0
3306,-65.0
3307,-66.0
3308,-79.0
3309,-79.0
3310,-79.0
3311,-68.0
3312,-79.0
3313,-59.0
3314,-66.0
3315,-50.0
3316,-74.0
3317,-77.0
3318,-70.0
3319,-52.0
3320,-77.0
3321,-55.0
3322,-72.0
3323,-79.0
3324,-79.0
3325,-67.0
3326,-67.0
3327,-79.0
3328,-79.0
3329,-79.0
3330,-68.0
3331,-79.0
3332,-58.0
3333,-65.0
3334,-50.0
3335,-74.0
3336,-79.0
3337,-71.0
3338,-52.0
3339,-77.0
3340,-56.0
3341,-72.0
3342,-79.0
3343,-79.0
3344,-66.0
3345,-66.0
3346,-79.0
3347,-79.0
3348,-79.0
3349,-68.0
3350,-79.0
3351,-58.0
3352,-65.0
3353,-50.0
3354,-75.0
3355,-79.0
3356,-71.0
3357,-52.0
3358,-77.0
3359,-56.0
3360,-73.0
3361,-79.0
3362,-79.0
3363,-69.0
3364,-66.0
3365,-79.0
3366,-79.0
3367,-79.0
3368,-68.0
3369,-79.0
3370,-58.0
3371,-66.0
3372,-50.0
3373,-75.0
3374,-79.0
3375,-72.0
3376,-52.0
3377,-79.0
3378,-56.0
3379,-72.0
3380,-79.0
3381,-79.0
3382,-67.0
3383,-67.0
3384,-79.0
3385,-79.0
3386,-79.0
3387,-68.0
3388,-79.0
3389,-58.0
3390,-65.0
3391,-49.0
3392,-75.0
3393,-79.0
3394,-70.0
3395,-52.0
3396,-78.0
3397,-57.0
3398,-72.0
3399,-79.0
3400,-79.0
3401,-69.0
3402,-69.0
3403,-79.0
3404,-79.0
3405,-79.0
3406,-68.0
3407,-79.0
3408,-58.0
3409,-65.0
3410,-50.0
3411,-74.0
3412,-79.0
3413,-70.0
3414,-52.0
3415,-77.0
3416,-57.0
3417,-72.0
3418,-79.0
3419,-79.0
3420,-70.0
3421,-69.0
3422,-79.0
3423,-79.0
3424,-79.0
3425,-68.0
3426,-79.0
3427,-57.0
3428,-65.0
3429,-50.0
3430,-74.0
3431,-79.0
3432,-70.0
3433,-53.0
3434,-78.0
3435,-57.0
3436,-72.0
3437,-79.0
3438,-79.0
3439,-70.0
3440,-69.0
3441,-79.0
3442,-79.0
3443,-79.0
3444,-68.0
3445,-79.0
3446,-57.0
3447,-67.0
3448,-50.0
3449,-75.0
3450,-79.0
3451,-69.0
3452,-52.0
3453,-78.0
3454,-57.0
3455,-72.0
3456,-79.0
3457,-79.0
3458,-69.0
3459,-69.0
3460,-79.0
3461,-79.0
3462,-79.0
3463,-78.0
3464,-68.0
3465,-79.0
3466,-57.0
3467,-67.0
3468,-50.0
3469,-75.0
3470,-79.0
3471,-69.0
3472,-52.0
3473,-79.0
3474,-58.0
3475,-72.0
3476,-79.0
3477,-79.0
3478,-69.0
3479,-69.0
3480,-79.0
3481,-79.0
3482,-79.0
3483,-78.0
3484,-68.0
3485,-79.0
3486,-57.0
3487,-67.0
3488,-50.0
3489,-75.0
3490,-79.0
3491,-69.0
3492,-52.0
3493,-79.0
3494,-58.0
3495,-72.0
3496,-79.0
3497,-79.0
3498,-69.0
3499,-70.0
3500,-79.0
3501,-79.0
3502,-79.0
3503,-78.0
3504,-68.0
3505,-79.0
3506,-57.0
3507,-67.0
3508,-50.0
3509,-74.0
3510,-79.0
3511,-69.0
3512,-52.0
3513,-78.0
3514,-58.0
3515,-73.0
3516,-79.0
3517,-79.0
3518,-71.0
3519,-67.0
3520,-79.0
3521,-79.0
3522,-79.0
3523,-78.0
3524,-68.0
3525,-79.0
3526,-57.0
3527,-67.0
3528,-49.0
3529,-74.0
3530,-79.0
3531,-69.0
3532,-53.0
3533,-79.0
3534,-58.0
3535,-73.0
3536,-79.0
3537,-79.0
3538,-70.0
3539,-68.0
3540,-79.0
3541,-79.0
3542,-79.0
3543,-79.0
3544,-68.0
3545,-79.0
3546,-57.0
3547,-68.0
3548,-49.0
3549,-74.0
3550,-79.0
3551,-69.0
3552,-52.0
3553,-77.0
3554,-57.0
3555,-73.0
3556,-79.0
3557,-79.0
3558,-70.0
3559,-68.0
3560,-79.0
3561,-79.0
3562,-79.0
3563,-79.0
3564,-68.0
3565,-79.0
3566,-57.0
3567,-68.0
3568,-50.0
3569,-76.0
3570,-79.0
3571,-69.0
3572,-52.0
3573,-77.0
3574,-60.0
3575,-73.0
3576,-79.0
3577,-79.0
3578,-70.0
3579,-69.0
3580,-79.0
3581,-79.0
3582,-79.0
3583,-77.0
3584,-69.0
3585,-79.0
3586,-58.0
3587,-68.0
3588,-51.0
3589,-77.0
3590,-79.0
3591,-69.0
3592,-58.0
