1,-75
1,-79
1,-54
1,-75
1,-79
1,-75
1,-77
1,-74
1,-79
1,-79
1,-69
1,-79
1,-59
1,-65
1,-47
1,-74
1,-79
1,-71
1,-50
1,-77
1,-76
1,-79
1,-55
1,-75
1,-79
1,-75
1,-75
1,-74
1,-75
1,-79
1,-67
1,-79
1,-65
1,-65
1,-49
1,-75
1,-78
1,-71
1,-50
1,-77
1,-75
1,-79
1,-55
1,-75
1,-79
1,-75
1,-74
1,-71
1,-79
1,-79
1,-69
1,-79
1,-61
1,-67
1,-50
1,-75
1,-78
1,-71
1,-49
1,-77
1,-75
1,-79
1,-54
1,-76
1,-79
1,-75
1,-72
1,-71
1,-79
1,-79
1,-70
1,-79
1,-63
1,-66
1,-47
1,-75
1,-79
1,-71
1,-49
1,-77
1,-75
1,-79
1,-54
1,-76
1,-79
1,-75
1,-74
1,-69
1,-79
1,-79
1,-70
1,-79
1,-60
1,-66
1,-48
1,-75
1,-78
1,-68
1,-49
1,-77
1,-74
1,-79
1,-53
1,-74
1,-79
1,-76
1,-74
1,-69
1,-78
1,-79
1,-69
1,-79
1,-61
1,-63
1,-48
1,-75
1,-78
1,-67
1,-49
1,-77
1,-72
1,-79
1,-54
1,-71
1,-79
1,-75
1,-71
1,-69
1,-77
1,-79
1,-69
1,-79
1,-62
1,-64
1,-47
1,-75
1,-79
1,-67
1,-46
1,-77
1,-73
1,-79
1,-53
1,-73
1,-79
1,-75
1,-71
1,-69
1,-77
1,-79
1,-71
1,-79
1,-62
1,-64
1,-48
1,-75
1,-78
1,-66
1,-46
1,-77
1,-73
1,-79
1,-53
1,-73
1,-79
1,-75
1,-67
1,-67
1,-77
1,-79
1,-70
1,-79
1,-64
1,-64
1,-49
1,-75
1,-78
1,-66
1,-46
1,-77
1,-73
1,-79
1,-54
1,-73
1,-79
1,-75
1,-70
1,-67
1,-78
1,-79
1,-70
1,-79
1,-63
1,-63
1,-48
1,-75
1,-79
1,-67
1,-46
1,-77
1,-73
1,-79
1,-54
1,-72
1,-79
1,-76
1,-70
1,-67
1,-76
1,-79
1,-70
1,-79
1,-62
1,-64
1,-48
1,-75
1,-79
1,-67
1,-46
1,-77
1,-75
1,-79
1,-56
1,-71
1,-79
1,-76
1,-70
1,-67
1,-77
1,-79
1,-67
1,-79
1,-62
1,-64
1,-47
1,-73
1,-79
1,-66
1,-47
1,-77
1,-73
1,-79
1,-56
1,-71
1,-79
1,-76
1,-69
1,-66
1,-79
1,-79
1,-76
1,-69
1,-79
1,-62
1,-65
1,-49
1,-74
1,-79
1,-68
1,-44
1,-77
1,-72
1,-79
1,-55
1,-69
1,-79
1,-76
1,-68
1,-67
1,-79
1,-79
1,-76
1,-70
1,-79
1,-63
1,-65
1,-47
1,-74
1,-77
1,-68
1,-43
1,-77
1,-74
1,-79
1,-55
1,-69
1,-79
1,-76
1,-68
1,-73
1,-79
1,-79
1,-76
1,-69
1,-79
1,-61
1,-65
1,-47
1,-74
1,-77
1,-67
1,-46
1,-77
1,-73
1,-79
1,-55
1,-69
1,-79
1,-76
1,-71
1,-73
1,-76
1,-79
1,-76
1,-70
1,-79
1,-59
1,-65
1,-49
1,-73
1,-78
1,-65
1,-46
1,-77
1,-73
1,-79
1,-55
1,-67
1,-79
1,-76
1,-69
1,-71
1,-78
1,-79
1,-76
1,-71
1,-79
1,-59
1,-65
1,-47
1,-73
1,-77
1,-65
1,-47
1,-77
1,-72
1,-79
1,-55
1,-69
1,-79
1,-77
1,-69
1,-70
1,-79
1,-79
1,-76
1,-69
1,-79
1,-61
1,-64
1,-46
1,-73
1,-78
1,-65
1,-49
1,-77
1,-73
1,-79
1,-54
1,-69
1,-79
1,-78
1,-71
1,-70
1,-77
1,-79
1,-76
1,-70
1,-79
1,-61
1,-63
1,-47
1,-73
1,-76
1,-70
1,-49
1,-77
1,-73
1,-79
1,-54
1,-70
1,-79
1,-78
1,-71
1,-70
1,-78
1,-79
1,-73
1,-70
1,-79
1,-63
1,-64
1,-47
1,-71
1,-79
1,-67
1,-47
1,-77
1,-73
1,-79
1,-54
1,-70
1,-79
1,-78
1,-69
1,-70
1,-79
1,-79
1,-73
1,-69
1,-79
1,-61
1,-65
1,-47
1,-72
1,-79
1,-67
1,-46
1,-77
1,-72
1,-79
1,-55
1,-68
1,-79
1,-78
1,-65
1,-70
1,-79
1,-79
1,-73
1,-69
1,-79
1,-62
1,-64
1,-46
1,-72
1,-79
1,-67
1,-45
1,-77
1,-71
1,-79
1,-56
1,-68
1,-79
1,-77
1,-66
1,-71
1,-78
1,-79
1,-72
1,-70
1,-79
1,-59
1,-64
1,-47
1,-72
1,-79
1,-66
1,-45
1,-77
1,-71
1,-56
1,-68
1,-79
1,-77
1,-67
1,-72
1,-77
1,-79
1,-73
1,-68
1,-79
1,-60
1,-64
1,-47
1,-72
1,-79
1,-64
1,-45
1,-77
1,-72
1,-56
1,-67
1,-79
1,-77
1,-67
1,-72
1,-76
1,-79
1,-73
1,-67
1,-79
1,-60
1,-64
1,-47
1,-72
1,-79
1,-65
1,-46
1,-77
1,-73
1,-79
1,-55
1,-68
1,-79
1,-77
1,-71
1,-70
1,-78
1,-79
1,-73
1,-70
1,-79
1,-61
1,-64
1,-48
1,-72
1,-79
1,-68
1,-47
1,-77
1,-72
1,-79
1,-55
1,-68
1,-79
1,-77
1,-67
1,-70
1,-79
1,-79
1,-73
1,-69
1,-79
1,-61
1,-64
1,-48
1,-73
1,-79
1,-67
1,-47
1,-77
1,-71
1,-79
1,-54
1,-72
1,-79
1,-77
1,-68
1,-72
1,-74
1,-79
1,-73
1,-70
1,-79
1,-60
1,-63
1,-48
1,-73
1,-79
1,-67
1,-47
1,-77
1,-72
1,-79
1,-56
1,-70
1,-79
1,-77
1,-67
1,-72
1,-75
1,-79
1,-73
1,-68
1,-79
1,-60
1,-63
1,-48
1,-73
1,-78
1,-67
1,-47
1,-77
1,-71
1,-79
1,-55
1,-71
1,-79
1,-78
1,-69
1,-72
1,-79
1,-79
1,-75
1,-69
1,-79
1,-63
1,-65
1,-48
1,-73
1,-79
1,-67
1,-48
1,-77
1,-72
1,-79
1,-55
1,-74
1,-79
1,-79
1,-69
1,-72
1,-79
1,-79
1,-75
1,-71
1,-79
1,-59
1,-63
1,-46
1,-74
1,-79
1,-70
1,-48
1,-77
1,-72
1,-79
1,-54
1,-73
1,-79
1,-79
1,-67
1,-69
1,-79
1,-79
1,-75
1,-68
1,-79
1,-60
1,-64
1,-45
1,-74
1,-79
1,-70
1,-48
1,-77
1,-72
1,-79
1,-53
1,-73
1,-79
1,-79
1,-67
1,-69
1,-78
1,-79
1,-76
1,-70
1,-79
1,-62
1,-64
1,-46
1,-77
1,-79
1,-70
1,-49
1,-77
1,-48
1,-72
1,-79
1,-52
1,-76
1,-79
1,-78
1,-70
1,-71
1,-77
1,-79
1,-76
1,-69
1,-79
1,-61
1,-63
1,-45
1,-74
1,-79
1,-70
1,-72
1,-79
1,-53
1,-74
1,-79
1,-78
1,-70
1,-70
1,-77
1,-79
1,-76
1,-68
1,-79
1,-60
1,-63
1,-46
1,-74
1,-79
1,-69
1,-49
1,-73
1,-79
1,-51
1,-74
1,-79
1,-75
1,-70
1,-71
1,-78
1,-79
1,-79
1,-68
1,-79
1,-60
1,-62
1,-45
1,-74
1,-79
1,-69
1,-49
1,-73
1,-79
1,-51
1,-74
1,-79
1,-77
1,-70
1,-71
1,-78
1,-79
1,-79
1,-68
1,-79
1,-61
1,-62
1,-45
1,-76
1,-79
1,-69
1,-49
1,-73
1,-79
1,-50
1,-74
1,-79
1,-79
1,-71
1,-71
1,-78
1,-79
1,-79
1,-70
1,-79
1,-61
1,-62
1,-46
1,-76
1,-79
1,-69
1,-49
1,-49
1,-72
1,-79
1,-51
1,-76
1,-79
1,-78
1,-71
1,-71
1,-77
1,-79
1,-79
1,-69
1,-79
1,-61
1,-62
1,-46
1,-76
1,-79
1,-67
1,-72
1,-79
1,-51
1,-74
1,-79
1,-78
1,-71
1,-69
1,-79
1,-79
1,-79
1,-68
1,-79
1,-60
1,-63
1,-44
1,-76
1,-79
1,-70
1,-50
1,-72
1,-79
1,-51
1,-76
1,-79
1,-79
1,-71
1,-70
1,-79
1,-79
1,-79
1,-70
1,-79
1,-62
1,-63
1,-44
1,-77
1,-79
1,-68
1,-51
1,-73
1,-79
1,-51
1,-76
1,-79
1,-79
1,-74
1,-73
1,-79
1,-79
1,-79
1,-71
1,-79
1,-62
1,-63
1,-43
1,-77
1,-79
1,-68
1,-51
1,-72
1,-79
1,-51
1,-76
1,-79
1,-79
1,-74
1,-72
1,-79
1,-79
1,-79
1,-71
1,-79
1,-63
1,-63
1,-43
1,-75
1,-79
1,-68
1,-50
1,-73
1,-79
1,-51
1,-76
1,-79
1,-79
1,-73
1,-73
1,-79
1,-79
1,-79
1,-70
1,-79
1,-63
1,-63
1,-44
1,-75
1,-79
1,-68
1,-50
1,-70
1,-79
1,-51
1,-76
1,-79
1,-79
1,-71
1,-73
1,-77
1,-79
1,-79
1,-69
1,-79
1,-60
1,-62
1,-44
1,-75
1,-79
1,-68
1,-51
1,-73
1,-79
1,-53
1,-78
1,-79
1,-79
1,-72
1,-69
1,-78
1,-79
1,-79
1,-69
1,-79
1,-61
1,-63
1,-43
1,-78
1,-79
1,-67
1,-50
1,-72
1,-79
1,-53
1,-76
1,-79
1,-79
1,-72
1,-69
1,-77
1,-79
1,-79
1,-70
1,-79
1,-60
1,-63
1,-42
1,-77
1,-79
1,-67
1,-50
1,-72
1,-79
1,-53
1,-76
1,-79
1,-79
1,-73
1,-70
1,-78
1,-79
1,-79
1,-70
1,-79
1,-60
1,-62
1,-43
1,-77
1,-79
1,-67
1,-50
1,-73
1,-79
1,-54
1,-76
1,-79
1,-79
1,-72
1,-70
1,-78
1,-79
1,-79
1,-69
1,-79
1,-60
1,-64
1,-43
1,-78
1,-79
1,-67
1,-50
1,-73
1,-54
1,-76
1,-79
1,-79
1,-72
1,-70
1,-79
1,-79
1,-79
1,-70
1,-79
1,-61
1,-63
1,-42
1,-78
1,-79
1,-68
1,-51
1,-72
1,-54
1,-76
1,-79
1,-78
1,-74
1,-71
1,-77
1,-79
1,-79
1,-68
1,-79
1,-60
1,-64
1,-42
1,-78
1,-79
1,-67
1,-51
1,-76
1,-54
1,-76
1,-79
1,-78
1,-74
1,-71
1,-79
1,-79
1,-79
1,-68
1,-79
1,-58
1,-64
1,-46
1,-78
1,-79
1,-67
1,-51
1,-75
1,-54
1,-76
1,-79
1,-78
1,-72
1,-68
1,-79
1,-79
1,-79
1,-70
1,-79
1,-58
1,-63
1,-48
1,-77
1,-79
1,-67
1,-51
1,-51
1,-75
1,-56
1,-76
1,-79
1,-78
1,-72
1,-68
1,-79
1,-79
1,-79
1,-72
1,-79
1,-59
1,-65
1,-48
1,-77
1,-79
1,-67
1,-75
1,-56
1,-76
1,-79
1,-78
1,-72
1,-69
1,-79
1,-79
1,-79
1,-69
1,-79
1,-59
1,-65
1,-48
1,-77
1,-79
1,-68
1,-51
1,-75
1,-56
1,-76
1,-79
1,-78
1,-70
1,-68
1,-79
1,-79
1,-79
1,-70
1,-79
1,-59
1,-66
1,-52
1,-78
1,-79
1,-66
1,-51
1,-76
1,-55
1,-77
1,-79
1,-78
1,-70
1,-70
1,-79
1,-79
1,-79
1,-71
1,-79
1,-58
1,-66
1,-50
1,-77
1,-79
1,-66
1,-51
1,-76
1,-58
1,-75
1,-79
1,-78
1,-72
1,-69
1,-79
1,-79
1,-79
1,-71
1,-79
1,-58
1,-65
1,-48
1,-77
1,-79
1,-66
1,-51
1,-74
1,-58
1,-76
1,-79
1,-78
1,-72
1,-68
1,-79
1,-79
1,-78
1,-72
1,-79
1,-58
1,-64
1,-49
1,-76
1,-79
1,-67
1,-51
1,-76
1,-55
1,-75
1,-79
1,-78
1,-72
1,-68
1,-79
1,-79
1,-78
1,-70
1,-79
1,-58
1,-64
1,-52
1,-76
1,-79
1,-65
1,-52
1,-76
1,-56
1,-74
1,-79
1,-78
1,-70
1,-68
1,-79
1,-79
1,-78
1,-70
1,-79
1,-58
1,-66
1,-51
1,-77
1,-79
1,-65
1,-51
1,-75
1,-56
1,-74
1,-79
1,-78
1,-71
1,-68
1,-78
1,-79
1,-78
1,-71
1,-79
1,-58
1,-65
1,-48
1,-76
1,-79
1,-65
1,-52
1,-76
1,-57
1,-76
1,-79
1,-79
1,-70
1,-68
1,-77
1,-79
1,-78
1,-71
1,-79
1,-60
1,-65
1,-51
1,-75
1,-79
1,-62
1,-51
1,-75
1,-57
1,-77
1,-79
1,-79
1,-70
1,-70
1,-77
1,-79
1,-78
1,-69
1,-79
1,-59
1,-66
1,-49
1,-75
1,-79
1,-62
1,-51
1,-75
1,-56
1,-76
1,-79
1,-79
1,-71
1,-69
1,-79
1,-79
1,-78
1,-69
1,-79
1,-59
1,-66
1,-50
1,-75
1,-79
1,-63
1,-52
1,-77
1,-55
1,-76
1,-79
1,-79
1,-71
1,-72
1,-79
1,-79
1,-76
1,-68
1,-79
1,-58
1,-67
1,-52
1,-75
1,-79
1,-62
1,-52
1,-76
1,-57
1,-76
1,-79
1,-79
1,-73
1,-68
1,-73
1,-79
1,-76
1,-69
1,-79
1,-60
1,-65
1,-49
1,-75
1,-79
1,-62
1,-51
1,-78
1,-56
1,-74
1,-79
1,-79
1,-73
1,-71
1,-75
1,-79
1,-76
1,-70
1,-79
1,-60
1,-66
1,-50
1,-75
1,-79
1,-62
1,-52
1,-76
1,-56
1,-74
1,-79
1,-79
1,-71
1,-71
1,-79
1,-79
1,-76
1,-70
1,-79
1,-59
1,-65
1,-50
1,-75
1,-79
1,-62
1,-52
1,-75
1,-57
1,-75
1,-79
1,-79
1,-71
1,-68
1,-79
1,-79
1,-76
1,-69
1,-79
1,-59
1,-65
1,-50
1,-76
1,-79
1,-61
1,-51
1,-76
1,-56
1,-76
1,-79
1,-79
1,-72
1,-68
1,-79
1,-79
1,-78
1,-69
1,-79
1,-60
1,-69
1,-50
1,-75
1,-79
1,-60
1,-51
1,-74
1,-55
1,-76
1,-79
1,-79
1,-70
1,-68
1,-77
1,-79
1,-77
1,-70
1,-79
1,-59
1,-66
1,-50
1,-75
1,-79
1,-60
1,-51
1,-75
1,-57
1,-75
1,-79
1,-79
1,-69
1,-69
1,-74
1,-79
1,-77
1,-69
1,-79
1,-60
1,-67
1,-51
1,-75
1,-79
1,-60
1,-51
1,-76
1,-55
1,-75
1,-79
1,-79
1,-69
1,-69
1,-79
1,-79
1,-77
1,-69
1,-79
1,-59
1,-66
1,-51
1,-75
1,-79
1,-60
1,-51
1,-74
1,-57
1,-76
1,-79
1,-79
1,-70
1,-69
1,-79
1,-79
1,-77
1,-68
1,-79
1,-65
1,-65
1,-50
1,-77
1,-79
1,-63
1,-60
1,-76
1,-58
1,-73
1,-79
1,-79
1,-71
1,-69
1,-78
1,-79
1,-77
1,-72
1,-79
1,-61
1,-62
1,-52
1,-77
1,-79
1,-63
1,-60
1,-75
1,-57
1,-74
1,-79
1,-79
1,-68
1,-69
1,-77
1,-79
1,-77
1,-71
1,-79
1,-64
1,-63
1,-51
1,-77
1,-79
1,-67
1,-60
1,-79
1,-59
1,-74
1,-79
1,-79
1,-67
1,-73
1,-79
1,-79
1,-77
1,-71
1,-79
1,-64
1,-61
1,-49
1,-77
1,-79
1,-67
1,-61
1,-78
1,-58
1,-76
1,-79
1,-76
1,-67
1,-71
1,-77
1,-79
1,-77
1,-71
1,-79
1,-65
1,-62
1,-50
1,-74
1,-79
1,-67
1,-60
1,-78
1,-79
1,-58
1,-72
1,-79
1,-79
1,-66
1,-73
1,-77
1,-79
1,-77
1,-70
1,-79
1,-65
1,-63
1,-49
1,-79
1,-79
1,-67
1,-61
1,-78
1,-79
1,-58
1,-72
1,-79
1,-79
1,-66
1,-73
1,-77
1,-79
1,-79
1,-69
1,-79
1,-65
1,-63
1,-49
1,-79
1,-79
1,-68
1,-61
1,-78
1,-78
1,-60
1,-73
1,-79
1,-79
1,-65
1,-73
1,-79
1,-79
1,-79
1,-68
1,-79
1,-67
1,-63
1,-49
1,-76
1,-79
1,-69
1,-60
1,-78
1,-77
1,-57
1,-73
1,-79
1,-79
1,-66
1,-71
1,-79
1,-79
1,-79
1,-72
1,-79
1,-60
1,-64
1,-47
1,-74
1,-79
1,-69
1,-51
1,-78
1,-77
1,-57
1,-75
1,-79
1,-79
1,-68
1,-71
1,-78
1,-79
1,-79
1,-69
1,-79
1,-59
1,-69
1,-49
1,-74
1,-79
1,-69
1,-50
1,-78
1,-79
1,-57
1,-75
1,-79
1,-79
1,-67
1,-70
1,-79
1,-79
1,-79
1,-69
1,-79
1,-60
1,-68
1,-50
1,-77
1,-79
1,-69
1,-50
1,-78
1,-77
1,-58
1,-76
1,-79
1,-78
1,-68
1,-70
1,-79
1,-79
1,-79
1,-69
1,-79
1,-59
1,-67
1,-48
1,-75
1,-79
1,-69
1,-51
1,-76
1,-79
1,-58
1,-74
1,-79
1,-78
1,-68
1,-74
1,-79
1,-79
1,-79
1,-70
1,-79
1,-60
1,-67
1,-51
1,-76
1,-79
1,-69
1,-51
1,-77
1,-78
1,-56
1,-74
1,-79
1,-78
1,-66
1,-74
1,-79
1,-79
1,-79
1,-68
1,-79
1,-59
1,-66
1,-51
1,-76
1,-79
1,-69
1,-50
1,-77
1,-77
1,-58
1,-74
1,-79
1,-78
1,-67
1,-71
1,-79
1,-79
1,-79
1,-68
1,-79
1,-59
1,-66
1,-48
1,-76
1,-79
1,-71
1,-50
1,-77
1,-76
1,-57
1,-74
1,-79
1,-78
1,-66
1,-71
1,-79
1,-79
1,-79
1,-68
1,-79
1,-59
1,-66
1,-51
1,-76
1,-79
1,-75
1,-50
1,-77
1,-78
1,-58
1,-75
1,-79
1,-78
1,-68
1,-71
1,-79
1,-79
1,-79
1,-67
1,-79
1,-61
1,-66
1,-50
1,-76
1,-79
1,-75
1,-50
1,-77
1,-77
1,-57
1,-75
1,-79
1,-78
1,-68
1,-73
1,-79
1,-79
1,-79
1,-71
1,-79
1,-58
1,-67
1,-50
1,-76
1,-79
1,-70
1,-50
1,-77
1,-78
1,-58
1,-75
1,-79
1,-78
1,-69
1,-73
1,-79
1,-79
1,-79
1,-70
1,-79
1,-59
1,-66
1,-49
1,-75
1,-78
1,-70
1,-50
1,-77
1,-78
1,-58
1,-74
1,-79
1,-78
1,-68
1,-73
1,-79
1,-79
1,-79
1,-70
1,-79
1,-61
1,-68
1,-50
1,-76
1,-79
1,-72
1,-49
1,-77
1,-79
1,-58
1,-74
1,-79
1,-78
1,-69
1,-76
1,-79
1,-79
1,-79
1,-72
1,-79
1,-58
1,-67
1,-50
1,-76
1,-79
1,-72
1,-50
1,-77
1,-78
1,-57
1,-74
1,-79
1,-78
1,-66
1,-69
1,-79
1,-79
1,-79
1,-70
1,-79
1,-61
1,-66
1,-51
1,-77
1,-79
1,-71
1,-49
1,-77
1,-77
1,-57
1,-74
1,-79
1,-78
1,-68
1,-73
1,-79
1,-79
1,-79
1,-69
1,-79
1,-58
1,-66
1,-51
1,-77
1,-77
1,-71
1,-50
1,-77
1,-78
1,-56
1,-76
1,-79
1,-78
1,-68
1,-68
1,-79
1,-79
1,-79
1,-69
1,-79
1,-60
1,-65
1,-50
1,-76
1,-77
1,-69
1,-50
1,-77
1,-75
1,-57
1,-76
1,-79
1,-78
1,-67
1,-67
1,-79
1,-79
1,-79
1,-68
1,-79
1,-63
1,-66
1,-53
1,-77
1,-78
1,-69
1,-50
1,-77
1,-76
1,-56
1,-75
1,-79
1,-78
1,-67
1,-70
1,-79
1,-79
1,-79
1,-67
1,-79
1,-61
1,-70
1,-50
1,-77
1,-77
1,-71
1,-50
1,-77
1,-77
1,-56
1,-73
1,-79
1,-78
1,-69
1,-72
1,-79
1,-79
1,-79
1,-68
1,-79
1,-60
1,-66
1,-51
1,-77
1,-78
1,-72
1,-50
1,-77
1,-76
1,-56
1,-74
1,-79
1,-78
1,-69
1,-72
1,-79
1,-79
1,-79
1,-69
1,-79
1,-60
1,-66
1,-49
1,-77
1,-79
1,-71
1,-50
1,-77
1,-76
1,-56
1,-74
1,-79
1,-78
1,-70
1,-70
1,-79
1,-79
1,-79
1,-68
1,-79
1,-59
1,-68
1,-49
1,-77
1,-79
1,-71
1,-50
1,-77
1,-78
1,-56
1,-74
1,-79
1,-78
1,-70
1,-70
1,-79
1,-79
1,-79
1,-71
1,-79
1,-60
1,-69
1,-49
1,-77
1,-79
1,-72
1,-51
1,-77
1,-78
1,-57
1,-74
1,-79
1,-78
1,-69
1,-70
1,-79
1,-79
1,-79
1,-67
1,-79
1,-59
1,-68
1,-49
1,-77
1,-79
1,-72
1,-51
1,-77
1,-79
1,-57
1,-74
1,-79
1,-78
1,-70
1,-69
1,-77
1,-79
1,-79
1,-69
1,-79
1,-58
1,-67
1,-50
1,-77
1,-79
1,-72
1,-51
1,-79
1,-77
1,-57
1,-73
1,-79
1,-78
1,-70
1,-69
1,-79
1,-79
1,-79
1,-72
1,-79
1,-58
1,-68
1,-50
1,-77
1,-79
1,-72
1,-51
1,-79
1,-77
1,-57
1,-74
1,-79
1,-78
1,-69
1,-69
1,-79
1,-79
1,-79
1,-70
1,-79
1,-61
1,-66
1,-49
1,-78
1,-79
1,-72
1,-51
1,-79
1,-79
1,-57
1,-74
1,-79
1,-69
1,-67
1,-79
1,-79
1,-79
1,-69
1,-79
1,-58
1,-66
1,-50
1,-76
1,-79
1,-71
1,-51
1,-79
1,-76
1,-59
1,-72
1,-79
1,-70
1,-73
1,-79
1,-79
1,-69
1,-79
1,-57
1,-64
1,-50
1,-79
1,-78
1,-71
1,-51
1,-79
1,-77
1,-56
1,-72
1,-79
1,-79
1,-71
1,-73
1,-79
1,-79
1,-69
1,-79
1,-59
1,-65
1,-47
1,-79
1,-79
1,-73
1,-51
1,-79
1,-76
1,-57
1,-71
1,-79
1,-79
1,-68
1,-70
1,-78
1,-79
1,-70
1,-79
1,-59
1,-66
1,-50
1,-79
1,-79
1,-73
1,-52
1,-79
1,-79
1,-57
1,-74
1,-79
1,-79
1,-70
1,-70
1,-79
1,-79
1,-68
1,-79
1,-57
1,-65
1,-48
1,-78
1,-79
1,-72
1,-52
1,-79
1,-78
1,-57
1,-72
1,-79
1,-79
1,-70
1,-69
1,-79
1,-79
1,-70
1,-79
1,-57
1,-65
1,-48
1,-78
1,-79
1,-72
1,-51
1,-79
1,-77
1,-57
1,-71
1,-79
1,-79
1,-70
1,-69
1,-78
1,-79
1,-71
1,-79
1,-56
1,-62
1,-47
1,-78
1,-79
1,-70
1,-52
1,-79
1,-76
1,-58
1,-70
1,-79
1,-79
1,-70
1,-69
1,-78
1,-79
1,-70
1,-79
1,-57
1,-64
1,-46
1,-76
1,-79
1,-70
1,-53
1,-79
1,-78
1,-57
1,-70
1,-79
1,-79
1,-69
1,-69
1,-77
1,-79
1,-70
1,-79
1,-58
1,-63
1,-47
1,-76
1,-78
1,-74
1,-53
1,-79
1,-78
1,-58
1,-72
1,-79
1,-79
1,-69
1,-69
1,-78
1,-79
1,-71
1,-79
1,-59
1,-64
1,-46
1,-76
1,-79
1,-73
1,-53
1,-79
1,-79
1,-58
1,-72
1,-79
1,-79
1,-69
1,-68
1,-79
1,-79
1,-67
1,-79
1,-59
1,-64
1,-46
1,-76
1,-79
1,-70
1,-54
1,-79
1,-77
1,-57
1,-68
1,-79
1,-79
1,-69
1,-69
1,-79
1,-79
1,-68
1,-79
1,-59
1,-64
1,-46
1,-76
1,-79
1,-70
1,-53
1,-79
1,-77
1,-57
1,-70
1,-79
1,-79
1,-70
1,-69
1,-78
1,-79
1,-68
1,-79
1,-58
1,-64
1,-46
1,-77
1,-79
1,-72
1,-54
1,-79
1,-77
1,-58
1,-69
1,-79
1,-79
1,-70
1,-69
1,-79
1,-79
1,-68
1,-79
1,-57
1,-63
1,-49
1,-78
1,-79
1,-72
1,-54
1,-79
1,-78
1,-58
1,-68
1,-79
1,-79
1,-71
1,-70
1,-79
1,-79
1,-79
1,-69
1,-79
1,-59
1,-66
1,-47
1,-76
1,-79
1,-72
1,-54
1,-79
1,-79
1,-57
1,-67
1,-79
1,-79
1,-71
1,-70
1,-78
1,-79
1,-79
1,-69
1,-79
1,-59
1,-65
1,-48
1,-77
1,-79
1,-72
1,-54
1,-79
1,-79
1,-57
1,-68
1,-79
1,-79
1,-70
1,-70
1,-79
1,-79
1,-79
1,-67
1,-79
1,-57
1,-64
1,-47
1,-77
1,-79
1,-72
1,-54
1,-79
1,-79
1,-57
1,-68
1,-79
1,-79
1,-71
1,-70
1,-79
1,-79
1,-79
1,-67
1,-79
1,-58
1,-63
1,-46
1,-75
1,-79
1,-72
1,-54
1,-79
1,-79
1,-57
1,-68
1,-79
1,-79
1,-70
1,-70
1,-79
1,-79
1,-79
1,-67
1,-79
1,-58
1,-63
1,-45
1,-75
1,-79
1,-73
1,-54
1,-79
1,-77
1,-57
1,-68
1,-79
1,-79
1,-70
1,-70
1,-79
1,-79
1,-79
1,-69
1,-79
1,-57
1,-60
1,-46
1,-75
1,-79
1,-73
1,-54
1,-79
1,-79
1,-56
1,-69
1,-79
1,-79
1,-69
1,-70
1,-79
1,-79
1,-79
1,-69
1,-79
1,-59
1,-65
1,-45
1,-75
1,-79
1,-73
1,-55
1,-79
1,-79
1,-56
1,-68
1,-79
1,-79
1,-68
1,-70
1,-79
1,-79
1,-79
1,-69
1,-79
1,-58
1,-63
1,-45
1,-75
1,-79
1,-73
1,-55
1,-79
1,-78
1,-56
1,-68
1,-79
1,-79
1,-70
1,-70
1,-79
1,-79
1,-79
1,-70
1,-79
1,-58
1,-66
1,-46
1,-75
1,-79
1,-73
1,-58
1,-79
1,-77
1,-56
1,-67
1,-79
1,-79
1,-72
1,-70
1,-78
1,-79
1,-79
1,-69
1,-79
1,-58
1,-65
1,-46
1,-75
1,-79
1,-73
1,-54
1,-79
1,-77
1,-57
1,-67
1,-79
1,-79
1,-70
1,-67
1,-79
1,-79
1,-79
1,-68
1,-79
1,-58
1,-68
1,-50
1,-75
1,-79
1,-73
1,-61
1,-58
1,-79
1,-75
1,-57
1,-67
1,-79
1,-79
1,-71
1,-67
1,-79
1,-79
1,-79
1,-67
1,-79
1,-60
1,-68
1,-46
1,-76
1,-79
1,-73
1,-79
1,-77
1,-79
1,-77
1,-57
1,-67
1,-79
1,-79
1,-68
1,-66
1,-78
1,-79
1,-75
1,-67
1,-79
1,-59
1,-66
1,-47
1,-76
1,-79
1,-72
1,-53
1,-79
1,-77
1,-79
1,-75
1,-58
1,-70
1,-79
1,-79
1,-71
1,-66
1,-79
1,-79
1,-76
1,-69
1,-79
1,-62
1,-67
1,-47
1,-74
1,-79
1,-72
1,-52
1,-79
1,-77
1,-79
1,-74
1,-58
1,-70
1,-79
1,-75
1,-71
1,-68
1,-79
1,-79
1,-76
1,-68
1,-79
1,-60
1,-67
1,-47
1,-74
1,-79
1,-72
1,-52
1,-79
1,-77
1,-79
1,-75
1,-58
1,-70
1,-79
1,-75
1,-70
1,-68
1,-78
1,-79
1,-76
1,-68
1,-79
1,-60
1,-67
1,-46
1,-71
1,-79
1,-71
1,-52
1,-79
1,-77
1,-79
1,-75
1,-58
1,-70
1,-79
1,-76
1,-70
1,-67
1,-79
1,-79
1,-76
1,-69
1,-79
1,-61
1,-67
1,-47
1,-71
1,-79
1,-69
1,-51
1,-79
1,-77
1,-79
1,-75
1,-58
1,-69
1,-79
1,-76
1,-70
1,-67
1,-79
1,-79
1,-76
1,-69
1,-79
1,-60
1,-67
1,-47
1,-71
1,-79
1,-69
1,-51
1,-79
1,-77
1,-74
1,-57
1,-69
1,-79
1,-74
1,-68
1,-68
1,-79
1,-79
1,-76
1,-70
1,-79
1,-59
1,-69
1,-48
1,-72
1,-79
1,-72
1,-52
1,-79
1,-77
1,-76
1,-58
1,-69
1,-79
1,-73
1,-69
1,-68
1,-79
1,-79
1,-76
1,-68
1,-79
1,-61
1,-66
1,-46
1,-72
1,-79
1,-71
1,-51
1,-79
1,-77
1,-74
1,-58
1,-69
1,-79
1,-74
1,-70
1,-66
1,-79
1,-79
1,-76
1,-69
1,-79
1,-61
1,-66
1,-48
1,-71
1,-79
1,-71
1,-52
1,-79
1,-77
1,-74
1,-58
1,-71
1,-79
1,-74
1,-71
1,-66
1,-79
1,-79
1,-76
1,-70
1,-79
1,-61
1,-66
1,-47
1,-71
1,-79
1,-75
1,-52
1,-79
1,-77
1,-76
1,-58
1,-70
1,-79
1,-74
1,-69
1,-67
1,-79
1,-79
1,-77
1,-69
1,-79
1,-62
1,-67
1,-47
1,-71
1,-79
1,-71
1,-52
1,-79
1,-77
1,-76
1,-58
1,-70
1,-79
1,-74
1,-69
1,-67
1,-78
1,-79
1,-77
1,-69
1,-79
1,-60
1,-68
1,-47
1,-71
1,-78
1,-71
1,-52
1,-79
1,-77
1,-77
1,-58
1,-70
1,-79
1,-74
1,-67
1,-69
1,-79
1,-79
1,-77
1,-68
1,-79
1,-63
1,-67
1,-48
1,-73
1,-79
1,-72
1,-51
1,-79
1,-77
1,-75
1,-58
1,-71
1,-79
1,-74
1,-66
1,-67
1,-79
1,-79
1,-77
1,-68
1,-79
1,-62
1,-67
1,-47
1,-73
1,-77
1,-72
1,-51
1,-79
1,-77
1,-76
1,-56
1,-71
1,-79
1,-74
1,-66
1,-67
1,-78
1,-79
1,-75
1,-69
1,-79
1,-62
1,-67
1,-48
1,-73
1,-77
1,-71
1,-51
1,-79
1,-77
1,-76
1,-57
1,-71
1,-79
1,-74
1,-66
1,-67
1,-76
1,-79
1,-77
1,-69
1,-79
1,-61
1,-66
1,-48
1,-73
1,-77
1,-71
1,-51
1,-79
1,-77
1,-78
1,-57
1,-72
1,-79
1,-76
1,-66
1,-67
1,-77
1,-79
1,-77
1,-69
1,-79
1,-61
1,-66
1,-48
1,-73
1,-79
1,-71
1,-50
1,-79
1,-77
1,-75
1,-57
1,-73
1,-79
1,-76
1,-66
1,-66
1,-78
1,-79
1,-77
1,-69
1,-79
1,-61
1,-66
1,-48
1,-73
1,-79
1,-72
1,-51
1,-79
1,-77
1,-76
1,-57
1,-71
1,-79
1,-76
1,-66
1,-66
1,-79
1,-79
1,-77
1,-69
1,-79
1,-61
1,-67
1,-48
1,-72
1,-79
1,-72
1,-51
1,-79
1,-77
1,-51
1,-76
1,-57
1,-70
1,-79
1,-76
1,-65
1,-67
1,-78
1,-79
1,-77
1,-69
1,-79
1,-62
1,-67
1,-48
1,-72
1,-79
1,-72
1,-79
1,-77
1,-76
1,-57
1,-71
1,-79
1,-77
1,-64
1,-68
1,-78
1,-79
1,-77
1,-69
1,-79
1,-62
1,-66
1,-48
1,-73
1,-79
1,-72
1,-51
1,-79
1,-77
1,-76
1,-57
1,-71
1,-79
1,-78
1,-64
1,-68
1,-78
1,-79
1,-77
1,-68
1,-79
1,-61
1,-67
1,-48
1,-72
1,-78
1,-70
1,-51
1,-79
1,-77
1,-77
1,-57
1,-71
1,-79
1,-78
1,-64
1,-66
1,-78
1,-79
1,-79
1,-69
1,-79
1,-61
1,-67
1,-49
1,-72
1,-79
1,-70
1,-51
1,-79
1,-76
1,-57
1,-71
1,-79
1,-79
1,-66
1,-66
1,-79
1,-79
1,-79
1,-69
1,-79
1,-59
1,-67
1,-50
1,-74
1,-79
1,-73
1,-52
1,-79
1,-77
1,-57
1,-71
1,-79
1,-79
1,-65
1,-67
1,-77
1,-79
1,-79
1,-69
1,-79
1,-60
1,-65
1,-50
1,-74
1,-79
1,-71
1,-52
1,-79
1,-76
1,-57
1,-72
1,-79
1,-79
1,-65
1,-67
1,-79
1,-79
1,-79
1,-69
1,-79
1,-60
1,-65
1,-49
1,-74
1,-79
1,-71
1,-52
1,-79
1,-77
1,-57
1,-72
1,-79
1,-79
1,-66
1,-66
1,-77
1,-79
1,-79
1,-68
1,-79
1,-61
1,-65
1,-50
1,-75
1,-79
1,-71
1,-52
1,-79
1,-76
1,-56
1,-71
1,-79
1,-79
1,-65
1,-64
1,-78
1,-79
1,-79
1,-69
1,-79
1,-59
1,-66
1,-50
1,-73
1,-79
1,-71
1,-51
1,-79
1,-76
1,-56
1,-72
1,-79
1,-79
1,-66
1,-64
1,-79
1,-79
1,-79
1,-70
1,-79
1,-58
1,-65
1,-50
1,-74
1,-79
1,-72
1,-52
1,-52
1,-77
1,-56
1,-72
1,-79
1,-79
1,-66
1,-66
1,-79
1,-79
1,-79
1,-68
1,-79
1,-59
1,-66
1,-49
1,-74
1,-79
1,-70
1,-76
1,-55
1,-72
1,-79
1,-79
1,-65
1,-66
1,-79
1,-79
1,-79
1,-68
1,-79
1,-59
1,-65
1,-50
1,-74
1,-78
1,-70
1,-52
1,-77
1,-55
1,-72
1,-79
1,-79
1,-65
1,-66
1,-79
1,-79
1,-79
1,-68
1,-79
1,-59
1,-66
1,-50
1,-74
1,-77
1,-70
1,-52
1,-77
1,-55
1,-72
1,-79
1,-79
1,-67
1,-67
1,-79
1,-79
1,-79
1,-68
1,-79
1,-58
1,-65
1,-50
1,-74
1,-79
1,-71
1,-52
1,-77
1,-56
1,-72
1,-79
1,-79
1,-66
1,-66
1,-79
1,-79
1,-79
1,-68
1,-79
1,-58
1,-65
1,-50
1,-75
1,-79
1,-71
1,-52
1,-77
1,-56
1,-73
1,-79
1,-79
1,-69
1,-66
1,-79
1,-79
1,-79
1,-68
1,-79
1,-58
1,-66
1,-50
1,-75
1,-79
1,-72
1,-52
1,-79
1,-56
1,-72
1,-79
1,-79
1,-67
1,-67
1,-79
1,-79
1,-79
1,-68
1,-79
1,-58
1,-65
1,-49
1,-75
1,-79
1,-70
1,-52
1,-78
1,-57
1,-72
1,-79
1,-79
1,-69
1,-69
1,-79
1,-79
1,-79
1,-68
1,-79
1,-58
1,-65
1,-50
1,-74
1,-79
1,-70
1,-52
1,-77
1,-57
1,-72
1,-79
1,-79
1,-70
1,-69
1,-79
1,-79
1,-79
1,-68
1,-79
1,-57
1,-65
1,-50
1,-74
1,-79
1,-70
1,-53
1,-78
1,-57
1,-72
1,-79
1,-79
1,-70
1,-69
1,-79
1,-79
1,-79
1,-68
1,-79
1,-57
1,-67
1,-50
1,-75
1,-79
1,-69
1,-52
1,-78
1,-57
1,-72
1,-79
1,-79
1,-69
1,-69
1,-79
1,-79
1,-79
1,-78
1,-68
1,-79
1,-57
1,-67
1,-50
1,-75
1,-79
1,-69
1,-52
1,-79
1,-58
1,-72
1,-79
1,-79
1,-69
1,-69
1,-79
1,-79
1,-79
1,-78
1,-68
1,-79
1,-57
1,-67
1,-50
1,-75
1,-79
1,-69
1,-52
1,-79
1,-58
1,-72
1,-79
1,-79
1,-69
1,-70
1,-79
1,-79
1,-79
1,-78
1,-68
1,-79
1,-57
1,-67
1,-50
1,-74
1,-79
1,-69
1,-52
1,-78
1,-58
1,-73
1,-79
1,-79
1,-71
1,-67
1,-79
1,-79
1,-79
1,-78
1,-68
1,-79
1,-57
1,-67
1,-49
1,-74
1,-79
1,-69
1,-53
1,-79
1,-58
1,-73
1,-79
1,-79
1,-70
1,-68
1,-79
1,-79
1,-79
1,-79
1,-68
1,-79
1,-57
1,-68
1,-49
1,-74
1,-79
1,-69
1,-52
1,-77
1,-57
1,-73
1,-79
1,-79
1,-70
1,-68
1,-79
1,-79
1,-79
1,-79
1,-68
1,-79
1,-57
1,-68
1,-50
1,-76
1,-79
1,-69
1,-52
1,-77
1,-60
1,-73
1,-79
1,-79
1,-70
1,-69
1,-79
1,-79
1,-79
1,-77
1,-69
1,-79
1,-58
1,-68
1,-51
1,-77
1,-79
1,-69
1,-58
2,-75
2,-79
2,-54
2,-75
2,-79
2,-75
2,-77
2,-74
2,-79
2,-79
2,-69
2,-79
2,-59
2,-65
2,-47
2,-74
2,-79
2,-71
2,-50
2,-77
2,-76
2,-79
2,-55
2,-75
2,-79
2,-75
2,-75
2,-74
2,-75
2,-79
2,-67
2,-79
2,-65
2,-65
2,-49
2,-75
2,-78
2,-71
2,-50
2,-77
2,-75
2,-79
2,-55
2,-75
2,-79
2,-75
2,-74
2,-71
2,-79
2,-79
2,-69
2,-79
2,-61
2,-67
2,-50
2,-75
2,-78
2,-71
2,-49
2,-77
2,-75
2,-79
2,-54
2,-76
2,-79
2,-75
2,-72
2,-71
2,-79
2,-79
2,-70
2,-79
2,-63
2,-66
2,-47
2,-75
2,-79
2,-71
2,-49
2,-77
2,-75
2,-79
2,-54
2,-76
2,-79
2,-75
2,-74
2,-69
2,-79
2,-79
2,-70
2,-79
2,-60
2,-66
2,-48
2,-75
2,-78
2,-68
2,-49
2,-77
2,-74
2,-79
2,-53
2,-74
2,-79
2,-76
2,-74
2,-69
2,-78
2,-79
2,-69
2,-79
2,-61
2,-63
2,-48
2,-75
2,-78
2,-67
2,-49
2,-77
2,-72
2,-79
2,-54
2,-71
2,-79
2,-75
2,-71
2,-69
2,-77
2,-79
2,-69
2,-79
2,-62
2,-64
2,-47
2,-75
2,-79
2,-67
2,-46
2,-77
2,-73
2,-79
2,-53
2,-73
2,-79
2,-75
2,-71
2,-69
2,-77
2,-79
2,-71
2,-79
2,-62
2,-64
2,-48
2,-75
2,-78
2,-66
2,-46
2,-77
2,-73
2,-79
2,-53
2,-73
2,-79
2,-75
2,-67
2,-67
2,-77
2,-79
2,-70
2,-79
2,-64
2,-64
2,-49
2,-75
2,-78
2,-66
2,-46
2,-77
2,-73
2,-79
2,-54
2,-73
2,-79
2,-75
2,-70
2,-67
2,-78
2,-79
2,-70
2,-79
2,-63
2,-63
2,-48
2,-75
2,-79
2,-67
2,-46
2,-77
2,-73
2,-79
2,-54
2,-72
2,-79
2,-76
2,-70
2,-67
2,-76
2,-79
2,-70
2,-79
2,-62
2,-64
2,-48
2,-75
2,-79
2,-67
2,-46
2,-77
2,-75
2,-79
2,-56
2,-71
2,-79
2,-76
2,-70
2,-67
2,-77
2,-79
2,-67
2,-79
2,-62
2,-64
2,-47
2,-73
2,-79
2,-66
2,-47
2,-77
2,-73
2,-79
2,-56
2,-71
2,-79
2,-76
2,-69
2,-66
2,-79
2,-79
2,-76
2,-69
2,-79
2,-62
2,-65
2,-49
2,-74
2,-79
2,-68
2,-44
2,-77
2,-72
2,-79
2,-55
2,-69
2,-79
2,-76
2,-68
2,-67
2,-79
2,-79
2,-76
2,-70
2,-79
2,-63
2,-65
2,-47
2,-74
2,-77
2,-68
2,-43
2,-77
2,-74
2,-79
2,-55
2,-69
2,-79
2,-76
2,-68
2,-73
2,-79
2,-79
2,-76
2,-69
2,-79
2,-61
2,-65
2,-47
2,-74
2,-77
2,-67
2,-46
2,-77
2,-73
2,-79
2,-55
2,-69
2,-79
2,-76
2,-71
2,-73
2,-76
2,-79
2,-76
2,-70
2,-79
2,-59
2,-65
2,-49
2,-73
2,-78
2,-65
2,-46
2,-77
2,-73
2,-79
2,-55
2,-67
2,-79
2,-76
2,-69
2,-71
2,-78
2,-79
2,-76
2,-71
2,-79
2,-59
2,-65
2,-47
2,-73
2,-77
2,-65
2,-47
2,-77
2,-72
2,-79
2,-55
2,-69
2,-79
2,-77
2,-69
2,-70
2,-79
2,-79
2,-76
2,-69
2,-79
2,-61
2,-64
2,-46
2,-73
2,-78
2,-65
2,-49
2,-77
2,-73
2,-79
2,-54
2,-69
2,-79
2,-78
2,-71
2,-70
2,-77
2,-79
2,-76
2,-70
2,-79
2,-61
2,-63
2,-47
2,-73
2,-76
2,-70
2,-49
2,-77
2,-73
2,-79
2,-54
2,-70
2,-79
2,-78
2,-71
2,-70
2,-78
2,-79
2,-73
2,-70
2,-79
2,-63
2,-64
2,-47
2,-71
2,-79
2,-67
2,-47
2,-77
2,-73
2,-79
2,-54
2,-70
2,-79
2,-78
2,-69
2,-70
2,-79
2,-79
2,-73
2,-69
2,-79
2,-61
2,-65
2,-47
2,-72
2,-79
2,-67
2,-46
2,-77
2,-72
2,-79
2,-55
2,-68
2,-79
2,-78
2,-65
2,-70
2,-79
2,-79
2,-73
2,-69
2,-79
2,-62
2,-64
2,-46
2,-72
2,-79
2,-67
2,-45
2,-77
2,-71
2,-79
2,-56
2,-68
2,-79
2,-77
2,-66
2,-71
2,-78
2,-79
2,-72
2,-70
2,-79
2,-59
2,-64
2,-47
2,-72
2,-79
2,-66
2,-45
2,-77
2,-71
2,-56
2,-68
2,-79
2,-77
2,-67
2,-72
2,-77
2,-79
2,-73
2,-68
2,-79
2,-60
2,-64
2,-47
2,-72
2,-79
2,-64
2,-45
2,-77
2,-72
2,-56
2,-67
2,-79
2,-77
2,-67
2,-72
2,-76
2,-79
2,-73
2,-67
2,-79
2,-60
2,-64
2,-47
2,-72
2,-79
2,-65
2,-46
2,-77
2,-73
2,-79
2,-55
2,-68
2,-79
2,-77
2,-71
2,-70
2,-78
2,-79
2,-73
2,-70
2,-79
2,-61
2,-64
2,-48
2,-72
2,-79
2,-68
2,-47
2,-77
2,-72
2,-79
2,-55
2,-68
2,-79
2,-77
2,-67
2,-70
2,-79
2,-79
2,-73
2,-69
2,-79
2,-61
2,-64
2,-48
2,-73
2,-79
2,-67
2,-47
2,-77
2,-71
2,-79
2,-54
2,-72
2,-79
2,-77
2,-68
2,-72
2,-74
2,-79
2,-73
2,-70
2,-79
2,-60
2,-63
2,-48
2,-73
2,-79
2,-67
2,-47
2,-77
2,-72
2,-79
2,-56
2,-70
2,-79
2,-77
2,-67
2,-72
2,-75
2,-79
2,-73
2,-68
2,-79
2,-60
2,-63
2,-48
2,-73
2,-78
2,-67
2,-47
2,-77
2,-71
2,-79
2,-55
2,-71
2,-79
2,-78
2,-69
2,-72
2,-79
2,-79
2,-75
2,-69
2,-79
2,-63
2,-65
2,-48
2,-73
2,-79
2,-67
2,-48
2,-77
2,-72
2,-79
2,-55
2,-74
2,-79
2,-79
2,-69
2,-72
2,-79
2,-79
2,-75
2,-71
2,-79
2,-59
2,-63
2,-46
2,-74
2,-79
2,-70
2,-48
2,-77
2,-72
2,-79
2,-54
2,-73
2,-79
2,-79
2,-67
2,-69
2,-79
2,-79
2,-75
2,-68
2,-79
2,-60
2,-64
2,-45
2,-74
2,-79
2,-70
2,-48
2,-77
2,-72
2,-79
2,-53
2,-73
2,-79
2,-79
2,-67
2,-69
2,-78
2,-79
2,-76
2,-70
2,-79
2,-62
2,-64
2,-46
2,-77
2,-79
2,-70
2,-49
2,-77
2,-48
2,-72
2,-79
2,-52
2,-76
2,-79
2,-78
2,-70
2,-71
2,-77
2,-79
2,-76
2,-69
2,-79
2,-61
2,-63
2,-45
2,-74
2,-79
2,-70
2,-72
2,-79
2,-53
2,-74
2,-79
2,-78
2,-70
2,-70
2,-77
2,-79
2,-76
2,-68
2,-79
2,-60
2,-63
2,-46
2,-74
2,-79
2,-69
2,-49
2,-73
2,-79
2,-51
2,-74
2,-79
2,-75
2,-70
2,-71
2,-78
2,-79
2,-79
2,-68
2,-79
2,-60
2,-62
2,-45
2,-74
2,-79
2,-69
2,-49
2,-73
2,-79
2,-51
2,-74
2,-79
2,-77
2,-70
2,-71
2,-78
2,-79
2,-79
2,-68
2,-79
2,-61
2,-62
2,-45
2,-76
2,-79
2,-69
2,-49
2,-73
2,-79
2,-50
2,-74
2,-79
2,-79
2,-71
2,-71
2,-78
2,-79
2,-79
2,-70
2,-79
2,-61
2,-62
2,-46
2,-76
2,-79
2,-69
2,-49
2,-49
2,-72
2,-79
2,-51
2,-76
2,-79
2,-78
2,-71
2,-71
2,-77
2,-79
2,-79
2,-69
2,-79
2,-61
2,-62
2,-46
2,-76
2,-79
2,-67
2,-72
2,-79
2,-51
2,-74
2,-79
2,-78
2,-71
2,-69
2,-79
2,-79
2,-79
2,-68
2,-79
2,-60
2,-63
2,-44
2,-76
2,-79
2,-70
2,-50
2,-72
2,-79
2,-51
2,-76
2,-79
2,-79
2,-71
2,-70
2,-79
2,-79
2,-79
2,-70
2,-79
2,-62
2,-63
2,-44
2,-77
2,-79
2,-68
2,-51
2,-73
2,-79
2,-51
2,-76
2,-79
2,-79
2,-74
2,-73
2,-79
2,-79
2,-79
2,-71
2,-79
2,-62
2,-63
2,-43
2,-77
2,-79
2,-68
2,-51
2,-72
2,-79
2,-51
2,-76
2,-79
2,-79
2,-74
2,-72
2,-79
2,-79
2,-79
2,-71
2,-79
2,-63
2,-63
2,-43
2,-75
2,-79
2,-68
2,-50
2,-73
2,-79
2,-51
2,-76
2,-79
2,-79
2,-73
2,-73
2,-79
2,-79
2,-79
2,-70
2,-79
2,-63
2,-63
2,-44
2,-75
2,-79
2,-68
2,-50
2,-70
2,-79
2,-51
2,-76
2,-79
2,-79
2,-71
2,-73
2,-77
2,-79
2,-79
2,-69
2,-79
2,-60
2,-62
2,-44
2,-75
2,-79
2,-68
2,-51
2,-73
2,-79
2,-53
2,-78
2,-79
2,-79
2,-72
2,-69
2,-78
2,-79
2,-79
2,-69
2,-79
2,-61
2,-63
2,-43
2,-78
2,-79
2,-67
2,-50
2,-72
2,-79
2,-53
2,-76
2,-79
2,-79
2,-72
2,-69
2,-77
2,-79
2,-79
2,-70
2,-79
2,-60
2,-63
2,-42
2,-77
2,-79
2,-67
2,-50
2,-72
2,-79
2,-53
2,-76
2,-79
2,-79
2,-73
2,-70
2,-78
2,-79
2,-79
2,-70
2,-79
2,-60
2,-62
2,-43
2,-77
2,-79
2,-67
2,-50
2,-73
2,-79
2,-54
2,-76
2,-79
2,-79
2,-72
2,-70
2,-78
2,-79
2,-79
2,-69
2,-79
2,-60
2,-64
2,-43
2,-78
2,-79
2,-67
2,-50
2,-73
2,-54
2,-76
2,-79
2,-79
2,-72
2,-70
2,-79
2,-79
2,-79
2,-70
2,-79
2,-61
2,-63
2,-42
2,-78
2,-79
2,-68
2,-51
2,-72
2,-54
2,-76
2,-79
2,-78
2,-74
2,-71
2,-77
2,-79
2,-79
2,-68
2,-79
2,-60
2,-64
2,-42
2,-78
2,-79
2,-67
2,-51
2,-76
2,-54
2,-76
2,-79
2,-78
2,-74
2,-71
2,-79
2,-79
2,-79
2,-68
2,-79
2,-58
2,-64
2,-46
2,-78
2,-79
2,-67
2,-51
2,-75
2,-54
2,-76
2,-79
2,-78
2,-72
2,-68
2,-79
2,-79
2,-79
2,-70
2,-79
2,-58
2,-63
2,-48
2,-77
2,-79
2,-67
2,-51
2,-51
2,-75
2,-56
2,-76
2,-79
2,-78
2,-72
2,-68
2,-79
2,-79
2,-79
2,-72
2,-79
2,-59
2,-65
2,-48
2,-77
2,-79
2,-67
2,-75
2,-56
2,-76
2,-79
2,-78
2,-72
2,-69
2,-79
2,-79
2,-79
2,-69
2,-79
2,-59
2,-65
2,-48
2,-77
2,-79
2,-68
2,-51
2,-75
2,-56
2,-76
2,-79
2,-78
2,-70
2,-68
2,-79
2,-79
2,-79
2,-70
2,-79
2,-59
2,-66
2,-52
2,-78
2,-79
2,-66
2,-51
2,-76
2,-55
2,-77
2,-79
2,-78
2,-70
2,-70
2,-79
2,-79
2,-79
2,-71
2,-79
2,-58
2,-66
2,-50
2,-77
2,-79
2,-66
2,-51
2,-76
2,-58
2,-75
2,-79
2,-78
2,-72
2,-69
2,-79
2,-79
2,-79
2,-71
2,-79
2,-58
2,-65
2,-48
2,-77
2,-79
2,-66
2,-51
2,-74
2,-58
2,-76
2,-79
2,-78
2,-72
2,-68
2,-79
2,-79
2,-78
2,-72
2,-79
2,-58
2,-64
2,-49
2,-76
2,-79
2,-67
2,-51
2,-76
2,-55
2,-75
2,-79
2,-78
2,-72
2,-68
2,-79
2,-79
2,-78
2,-70
2,-79
2,-58
2,-64
2,-52
2,-76
2,-79
2,-65
2,-52
2,-76
2,-56
2,-74
2,-79
2,-78
2,-70
2,-68
2,-79
2,-79
2,-78
2,-70
2,-79
2,-58
2,-66
2,-51
2,-77
2,-79
2,-65
2,-51
2,-75
2,-56
2,-74
2,-79
2,-78
2,-71
2,-68
2,-78
2,-79
2,-78
2,-71
2,-79
2,-58
2,-65
2,-48
2,-76
2,-79
2,-65
2,-52
2,-76
2,-57
2,-76
2,-79
2,-79
2,-70
2,-68
2,-77
2,-79
2,-78
2,-71
2,-79
2,-60
2,-65
2,-51
2,-75
2,-79
2,-62
2,-51
2,-75
2,-57
2,-77
2,-79
2,-79
2,-70
2,-70
2,-77
2,-79
2,-78
2,-69
2,-79
2,-59
2,-66
2,-49
2,-75
2,-79
2,-62
2,-51
2,-75
2,-56
2,-76
2,-79
2,-79
2,-71
2,-69
2,-79
2,-79
2,-78
2,-69
2,-79
2,-59
2,-66
2,-50
2,-75
2,-79
2,-63
2,-52
2,-77
2,-55
2,-76
2,-79
2,-79
2,-71
2,-72
2,-79
2,-79
2,-76
2,-68
2,-79
2,-58
2,-67
2,-52
2,-75
2,-79
2,-62
2,-52
2,-76
2,-57
2,-76
2,-79
2,-79
2,-73
2,-68
2,-73
2,-79
2,-76
2,-69
2,-79
2,-60
2,-65
2,-49
2,-75
2,-79
2,-62
2,-51
2,-78
2,-56
2,-74
2,-79
2,-79
2,-73
2,-71
2,-75
2,-79
2,-76
2,-70
2,-79
2,-60
2,-66
2,-50
2,-75
2,-79
2,-62
2,-52
2,-76
2,-56
2,-74
2,-79
2,-79
2,-71
2,-71
2,-79
2,-79
2,-76
2,-70
2,-79
2,-59
2,-65
2,-50
2,-75
2,-79
2,-62
2,-52
2,-75
2,-57
2,-75
2,-79
2,-79
2,-71
2,-68
2,-79
2,-79
2,-76
2,-69
2,-79
2,-59
2,-65
2,-50
2,-76
2,-79
2,-61
2,-51
2,-76
2,-56
2,-76
2,-79
2,-79
2,-72
2,-68
2,-79
2,-79
2,-78
2,-69
2,-79
2,-60
2,-69
2,-50
2,-75
2,-79
2,-60
2,-51
2,-74
2,-55
2,-76
2,-79
2,-79
2,-70
2,-68
2,-77
2,-79
2,-77
2,-70
2,-79
2,-59
2,-66
2,-50
2,-75
2,-79
2,-60
2,-51
2,-75
2,-57
2,-75
2,-79
2,-79
2,-69
2,-69
2,-74
2,-79
2,-77
2,-69
2,-79
2,-60
2,-67
2,-51
2,-75
2,-79
2,-60
2,-51
2,-76
2,-55
2,-75
2,-79
2,-79
2,-69
2,-69
2,-79
2,-79
2,-77
2,-69
2,-79
2,-59
2,-66
2,-51
2,-75
2,-79
2,-60
2,-51
2,-74
2,-57
2,-76
2,-79
2,-79
2,-70
2,-69
2,-79
2,-79
2,-77
2,-68
2,-79
2,-65
2,-65
2,-50
2,-77
2,-79
2,-63
2,-60
2,-76
2,-58
2,-73
2,-79
2,-79
2,-71
2,-69
2,-78
2,-79
2,-77
2,-72
2,-79
2,-61
2,-62
2,-52
2,-77
2,-79
2,-63
2,-60
2,-75
2,-57
2,-74
2,-79
2,-79
2,-68
2,-69
2,-77
2,-79
2,-77
2,-71
2,-79
2,-64
2,-63
2,-51
2,-77
2,-79
2,-67
2,-60
2,-79
2,-59
2,-74
2,-79
2,-79
2,-67
2,-73
2,-79
2,-79
2,-77
2,-71
2,-79
2,-64
2,-61
2,-49
2,-77
2,-79
2,-67
2,-61
2,-78
2,-58
2,-76
2,-79
2,-76
2,-67
2,-71
2,-77
2,-79
2,-77
2,-71
2,-79
2,-65
2,-62
2,-50
2,-74
2,-79
2,-67
2,-60
2,-78
2,-79
2,-58
2,-72
2,-79
2,-79
2,-66
2,-73
2,-77
2,-79
2,-77
2,-70
2,-79
2,-65
2,-63
2,-49
2,-79
2,-79
2,-67
2,-61
2,-78
2,-79
2,-58
2,-72
2,-79
2,-79
2,-66
2,-73
2,-77
2,-79
2,-79
2,-69
2,-79
2,-65
2,-63
2,-49
2,-79
2,-79
2,-68
2,-61
2,-78
2,-78
2,-60
2,-73
2,-79
2,-79
2,-65
2,-73
2,-79
2,-79
2,-79
2,-68
2,-79
2,-67
2,-63
2,-49
2,-76
2,-79
2,-69
2,-60
2,-78
2,-77
2,-57
2,-73
2,-79
2,-79
2,-66
2,-71
2,-79
2,-79
2,-79
2,-72
2,-79
2,-60
2,-64
2,-47
2,-74
2,-79
2,-69
2,-51
2,-78
2,-77
2,-57
2,-75
2,-79
2,-79
2,-68
2,-71
2,-78
2,-79
2,-79
2,-69
2,-79
2,-59
2,-69
2,-49
2,-74
2,-79
2,-69
2,-50
2,-78
2,-79
2,-57
2,-75
2,-79
2,-79
2,-67
2,-70
2,-79
2,-79
2,-79
2,-69
2,-79
2,-60
2,-68
2,-50
2,-77
2,-79
2,-69
2,-50
2,-78
2,-77
2,-58
2,-76
2,-79
2,-78
2,-68
2,-70
2,-79
2,-79
2,-79
2,-69
2,-79
2,-59
2,-67
2,-48
2,-75
2,-79
2,-69
2,-51
2,-76
2,-79
2,-58
2,-74
2,-79
2,-78
2,-68
2,-74
2,-79
2,-79
2,-79
2,-70
2,-79
2,-60
2,-67
2,-51
2,-76
2,-79
2,-69
2,-51
2,-77
2,-78
2,-56
2,-74
2,-79
2,-78
2,-66
2,-74
2,-79
2,-79
2,-79
2,-68
2,-79
2,-59
2,-66
2,-51
2,-76
2,-79
2,-69
2,-50
2,-77
2,-77
2,-58
2,-74
2,-79
2,-78
2,-67
2,-71
2,-79
2,-79
2,-79
2,-68
2,-79
2,-59
2,-66
2,-48
2,-76
2,-79
2,-71
2,-50
2,-77
2,-76
2,-57
2,-74
2,-79
2,-78
2,-66
2,-71
2,-79
2,-79
2,-79
2,-68
2,-79
2,-59
2,-66
2,-51
2,-76
2,-79
2,-75
2,-50
2,-77
2,-78
2,-58
2,-75
2,-79
2,-78
2,-68
2,-71
2,-79
2,-79
2,-79
2,-67
2,-79
2,-61
2,-66
2,-50
2,-76
2,-79
2,-75
2,-50
2,-77
2,-77
2,-57
2,-75
2,-79
2,-78
2,-68
2,-73
2,-79
2,-79
2,-79
2,-71
2,-79
2,-58
2,-67
2,-50
2,-76
2,-79
2,-70
2,-50
2,-77
2,-78
2,-58
2,-75
2,-79
2,-78
2,-69
2,-73
2,-79
2,-79
2,-79
2,-70
2,-79
2,-59
2,-66
2,-49
2,-75
2,-78
2,-70
2,-50
2,-77
2,-78
2,-58
2,-74
2,-79
2,-78
2,-68
2,-73
2,-79
2,-79
2,-79
2,-70
2,-79
2,-61
2,-68
2,-50
2,-76
2,-79
2,-72
2,-49
2,-77
2,-79
2,-58
2,-74
2,-79
2,-78
2,-69
2,-76
2,-79
2,-79
2,-79
2,-72
2,-79
2,-58
2,-67
2,-50
2,-76
2,-79
2,-72
2,-50
2,-77
2,-78
2,-57
2,-74
2,-79
2,-78
2,-66
2,-69
2,-79
2,-79
2,-79
2,-70
2,-79
2,-61
2,-66
2,-51
2,-77
2,-79
2,-71
2,-49
2,-77
2,-77
2,-57
2,-74
2,-79
2,-78
2,-68
2,-73
2,-79
2,-79
2,-79
2,-69
2,-79
2,-58
2,-66
2,-51
2,-77
2,-77
2,-71
2,-50
2,-77
2,-78
2,-56
2,-76
2,-79
2,-78
2,-68
2,-68
2,-79
2,-79
2,-79
2,-69
2,-79
2,-60
2,-65
2,-50
2,-76
2,-77
2,-69
2,-50
2,-77
2,-75
2,-57
2,-76
2,-79
2,-78
2,-67
2,-67
2,-79
2,-79
2,-79
2,-68
2,-79
2,-63
2,-66
2,-53
2,-77
2,-78
2,-69
2,-50
2,-77
2,-76
2,-56
2,-75
2,-79
2,-78
2,-67
2,-70
2,-79
2,-79
2,-79
2,-67
2,-79
2,-61
2,-70
2,-50
2,-77
2,-77
2,-71
2,-50
2,-77
2,-77
2,-56
2,-73
2,-79
2,-78
2,-69
2,-72
2,-79
2,-79
2,-79
2,-68
2,-79
2,-60
2,-66
2,-51
2,-77
2,-78
2,-72
2,-50
2,-77
2,-76
2,-56
2,-74
2,-79
2,-78
2,-69
2,-72
2,-79
2,-79
2,-79
2,-69
2,-79
2,-60
2,-66
2,-49
2,-77
2,-79
2,-71
2,-50
2,-77
2,-76
2,-56
2,-74
2,-79
2,-78
2,-70
2,-70
2,-79
2,-79
2,-79
2,-68
2,-79
2,-59
2,-68
2,-49
2,-77
2,-79
2,-71
2,-50
2,-77
2,-78
2,-56
2,-74
2,-79
2,-78
2,-70
2,-70
2,-79
2,-79
2,-79
2,-71
2,-79
2,-60
2,-69
2,-49
2,-77
2,-79
2,-72
2,-51
2,-77
2,-78
2,-57
2,-74
2,-79
2,-78
2,-69
2,-70
2,-79
2,-79
2,-79
2,-67
2,-79
2,-59
2,-68
2,-49
2,-77
2,-79
2,-72
2,-51
2,-77
2,-79
2,-57
2,-74
2,-79
2,-78
2,-70
2,-69
2,-77
2,-79
2,-79
2,-69
2,-79
2,-58
2,-67
2,-50
2,-77
2,-79
2,-72
2,-51
2,-79
2,-77
2,-57
2,-73
2,-79
2,-78
2,-70
2,-69
2,-79
2,-79
2,-79
2,-72
2,-79
2,-58
2,-68
2,-50
2,-77
2,-79
2,-72
2,-51
2,-79
2,-77
2,-57
2,-74
2,-79
2,-78
2,-69
2,-69
2,-79
2,-79
2,-79
2,-70
2,-79
2,-61
2,-66
2,-49
2,-78
2,-79
2,-72
2,-51
2,-79
2,-79
2,-57
2,-74
2,-79
2,-69
2,-67
2,-79
2,-79
2,-79
2,-69
2,-79
2,-58
2,-66
2,-50
2,-76
2,-79
2,-71
2,-51
2,-79
2,-76
2,-59
2,-72
2,-79
2,-70
2,-73
2,-79
2,-79
2,-69
2,-79
2,-57
2,-64
2,-50
2,-79
2,-78
2,-71
2,-51
2,-79
2,-77
2,-56
2,-72
2,-79
2,-79
2,-71
2,-73
2,-79
2,-79
2,-69
2,-79
2,-59
2,-65
2,-47
2,-79
2,-79
2,-73
2,-51
2,-79
2,-76
2,-57
2,-71
2,-79
2,-79
2,-68
2,-70
2,-78
2,-79
2,-70
2,-79
2,-59
2,-66
2,-50
2,-79
2,-79
2,-73
2,-52
2,-79
2,-79
2,-57
2,-74
2,-79
2,-79
2,-70
2,-70
2,-79
2,-79
2,-68
2,-79
2,-57
2,-65
2,-48
2,-78
2,-79
2,-72
2,-52
2,-79
2,-78
2,-57
2,-72
2,-79
2,-79
2,-70
2,-69
2,-79
2,-79
2,-70
2,-79
2,-57
2,-65
2,-48
2,-78
2,-79
2,-72
2,-51
2,-79
2,-77
2,-57
2,-71
2,-79
2,-79
2,-70
2,-69
2,-78
2,-79
2,-71
2,-79
2,-56
2,-62
2,-47
2,-78
2,-79
2,-70
2,-52
2,-79
2,-76
2,-58
2,-70
2,-79
2,-79
2,-70
2,-69
2,-78
2,-79
2,-70
2,-79
2,-57
2,-64
2,-46
2,-76
2,-79
2,-70
2,-53
2,-79
2,-78
2,-57
2,-70
2,-79
2,-79
2,-69
2,-69
2,-77
2,-79
2,-70
2,-79
2,-58
2,-63
2,-47
2,-76
2,-78
2,-74
2,-53
2,-79
2,-78
2,-58
2,-72
2,-79
2,-79
2,-69
2,-69
2,-78
2,-79
2,-71
2,-79
2,-59
2,-64
2,-46
2,-76
2,-79
2,-73
2,-53
2,-79
2,-79
2,-58
2,-72
2,-79
2,-79
2,-69
2,-68
2,-79
2,-79
2,-67
2,-79
2,-59
2,-64
2,-46
2,-76
2,-79
2,-70
2,-54
2,-79
2,-77
2,-57
2,-68
2,-79
2,-79
2,-69
2,-69
2,-79
2,-79
2,-68
2,-79
2,-59
2,-64
2,-46
2,-76
2,-79
2,-70
2,-53
2,-79
2,-77
2,-57
2,-70
2,-79
2,-79
2,-70
2,-69
2,-78
2,-79
2,-68
2,-79
2,-58
2,-64
2,-46
2,-77
2,-79
2,-72
2,-54
2,-79
2,-77
2,-58
2,-69
2,-79
2,-79
2,-70
2,-69
2,-79
2,-79
2,-68
2,-79
2,-57
2,-63
2,-49
2,-78
2,-79
2,-72
2,-54
2,-79
2,-78
2,-58
2,-68
2,-79
2,-79
2,-71
2,-70
2,-79
2,-79
2,-79
2,-69
2,-79
2,-59
2,-66
2,-47
2,-76
2,-79
2,-72
2,-54
2,-79
2,-79
2,-57
2,-67
2,-79
2,-79
2,-71
2,-70
2,-78
2,-79
2,-79
2,-69
2,-79
2,-59
2,-65
2,-48
2,-77
2,-79
2,-72
2,-54
2,-79
2,-79
2,-57
2,-68
2,-79
2,-79
2,-70
2,-70
2,-79
2,-79
2,-79
2,-67
2,-79
2,-57
2,-64
2,-47
2,-77
2,-79
2,-72
2,-54
2,-79
2,-79
2,-57
2,-68
2,-79
2,-79
2,-71
2,-70
2,-79
2,-79
2,-79
2,-67
2,-79
2,-58
2,-63
2,-46
2,-75
2,-79
2,-72
2,-54
2,-79
2,-79
2,-57
2,-68
2,-79
2,-79
2,-70
2,-70
2,-79
2,-79
2,-79
2,-67
2,-79
2,-58
2,-63
2,-45
2,-75
2,-79
2,-73
2,-54
2,-79
2,-77
2,-57
2,-68
2,-79
2,-79
2,-70
2,-70
2,-79
2,-79
2,-79
2,-69
2,-79
2,-57
2,-60
2,-46
2,-75
2,-79
2,-73
2,-54
2,-79
2,-79
2,-56
2,-69
2,-79
2,-79
2,-69
2,-70
2,-79
2,-79
2,-79
2,-69
2,-79
2,-59
2,-65
2,-45
2,-75
2,-79
2,-73
2,-55
2,-79
2,-79
2,-56
2,-68
2,-79
2,-79
2,-68
2,-70
2,-79
2,-79
2,-79
2,-69
2,-79
2,-58
2,-63
2,-45
2,-75
2,-79
2,-73
2,-55
2,-79
2,-78
2,-56
2,-68
2,-79
2,-79
2,-70
2,-70
2,-79
2,-79
2,-79
2,-70
2,-79
2,-58
2,-66
2,-46
2,-75
2,-79
2,-73
2,-58
2,-79
2,-77
2,-56
2,-67
2,-79
2,-79
2,-72
2,-70
2,-78
2,-79
2,-79
2,-69
2,-79
2,-58
2,-65
2,-46
2,-75
2,-79
2,-73
2,-54
2,-79
2,-77
2,-57
2,-67
2,-79
2,-79
2,-70
2,-67
2,-79
2,-79
2,-79
2,-68
2,-79
2,-58
2,-68
2,-50
2,-75
2,-79
2,-73
2,-61
2,-58
2,-79
2,-75
2,-57
2,-67
2,-79
2,-79
2,-71
2,-67
2,-79
2,-79
2,-79
2,-67
2,-79
2,-60
2,-68
2,-46
2,-76
2,-79
2,-73
2,-79
2,-77
2,-79
2,-77
2,-57
2,-67
2,-79
2,-79
2,-68
2,-66
2,-78
2,-79
2,-75
2,-67
2,-79
2,-59
2,-66
2,-47
2,-76
2,-79
2,-72
2,-53
2,-79
2,-77
2,-79
2,-75
2,-58
2,-70
2,-79
2,-79
2,-71
2,-66
2,-79
2,-79
2,-76
2,-69
2,-79
2,-62
2,-67
2,-47
2,-74
2,-79
2,-72
2,-52
2,-79
2,-77
2,-79
2,-74
2,-58
2,-70
2,-79
2,-75
2,-71
2,-68
2,-79
2,-79
2,-76
2,-68
2,-79
2,-60
2,-67
2,-47
2,-74
2,-79
2,-72
2,-52
2,-79
2,-77
2,-79
2,-75
2,-58
2,-70
2,-79
2,-75
2,-70
2,-68
2,-78
2,-79
2,-76
2,-68
2,-79
2,-60
2,-67
2,-46
2,-71
2,-79
2,-71
2,-52
2,-79
2,-77
2,-79
2,-75
2,-58
2,-70
2,-79
2,-76
2,-70
2,-67
2,-79
2,-79
2,-76
2,-69
2,-79
2,-61
2,-67
2,-47
2,-71
2,-79
2,-69
2,-51
2,-79
2,-77
2,-79
2,-75
2,-58
2,-69
2,-79
2,-76
2,-70
2,-67
2,-79
2,-79
2,-76
2,-69
2,-79
2,-60
2,-67
2,-47
2,-71
2,-79
2,-69
2,-51
2,-79
2,-77
2,-74
2,-57
2,-69
2,-79
2,-74
2,-68
2,-68
2,-79
2,-79
2,-76
2,-70
2,-79
2,-59
2,-69
2,-48
2,-72
2,-79
2,-72
2,-52
2,-79
2,-77
2,-76
2,-58
2,-69
2,-79
2,-73
2,-69
2,-68
2,-79
2,-79
2,-76
2,-68
2,-79
2,-61
2,-66
2,-46
2,-72
2,-79
2,-71
2,-51
2,-79
2,-77
2,-74
2,-58
2,-69
2,-79
2,-74
2,-70
2,-66
2,-79
2,-79
2,-76
2,-69
2,-79
2,-61
2,-66
2,-48
2,-71
2,-79
2,-71
2,-52
2,-79
2,-77
2,-74
2,-58
2,-71
2,-79
2,-74
2,-71
2,-66
2,-79
2,-79
2,-76
2,-70
2,-79
2,-61
2,-66
2,-47
2,-71
2,-79
2,-75
2,-52
2,-79
2,-77
2,-76
2,-58
2,-70
2,-79
2,-74
2,-69
2,-67
2,-79
2,-79
2,-77
2,-69
2,-79
2,-62
2,-67
2,-47
2,-71
2,-79
2,-71
2,-52
2,-79
2,-77
2,-76
2,-58
2,-70
2,-79
2,-74
2,-69
2,-67
2,-78
2,-79
2,-77
2,-69
2,-79
2,-60
2,-68
2,-47
2,-71
2,-78
2,-71
2,-52
2,-79
2,-77
2,-77
2,-58
2,-70
2,-79
2,-74
2,-67
2,-69
2,-79
2,-79
2,-77
2,-68
2,-79
2,-63
2,-67
2,-48
2,-73
2,-79
2,-72
2,-51
2,-79
2,-77
2,-75
2,-58
2,-71
2,-79
2,-74
2,-66
2,-67
2,-79
2,-79
2,-77
2,-68
2,-79
2,-62
2,-67
2,-47
2,-73
2,-77
2,-72
2,-51
2,-79
2,-77
2,-76
2,-56
2,-71
2,-79
2,-74
2,-66
2,-67
2,-78
2,-79
2,-75
2,-69
2,-79
2,-62
2,-67
2,-48
2,-73
2,-77
2,-71
2,-51
2,-79
2,-77
2,-76
2,-57
2,-71
2,-79
2,-74
2,-66
2,-67
2,-76
2,-79
2,-77
2,-69
2,-79
2,-61
2,-66
2,-48
2,-73
2,-77
2,-71
2,-51
2,-79
2,-77
2,-78
2,-57
2,-72
2,-79
2,-76
2,-66
2,-67
2,-77
2,-79
2,-77
2,-69
2,-79
2,-61
2,-66
2,-48
2,-73
2,-79
2,-71
2,-50
2,-79
2,-77
2,-75
2,-57
2,-73
2,-79
2,-76
2,-66
2,-66
2,-78
2,-79
2,-77
2,-69
2,-79
2,-61
2,-66
2,-48
2,-73
2,-79
2,-72
2,-51
2,-79
2,-77
2,-76
2,-57
2,-71
2,-79
2,-76
2,-66
2,-66
2,-79
2,-79
2,-77
2,-69
2,-79
2,-61
2,-67
2,-48
2,-72
2,-79
2,-72
2,-51
2,-79
2,-77
2,-51
2,-76
2,-57
2,-70
2,-79
2,-76
2,-65
2,-67
2,-78
2,-79
2,-77
2,-69
2,-79
2,-62
2,-67
2,-48
2,-72
2,-79
2,-72
2,-79
2,-77
2,-76
2,-57
2,-71
2,-79
2,-77
2,-64
2,-68
2,-78
2,-79
2,-77
2,-69
2,-79
2,-62
2,-66
2,-48
2,-73
2,-79
2,-72
2,-51
2,-79
2,-77
2,-76
2,-57
2,-71
2,-79
2,-78
2,-64
2,-68
2,-78
2,-79
2,-77
2,-68
2,-79
2,-61
2,-67
2,-48
2,-72
2,-78
2,-70
2,-51
2,-79
2,-77
2,-77
2,-57
2,-71
2,-79
2,-78
2,-64
2,-66
2,-78
2,-79
2,-79
2,-69
2,-79
2,-61
2,-67
2,-49
2,-72
2,-79
2,-70
2,-51
2,-79
2,-76
2,-57
2,-71
2,-79
2,-79
2,-66
2,-66
2,-79
2,-79
2,-79
2,-69
2,-79
2,-59
2,-67
2,-50
2,-74
2,-79
2,-73
2,-52
2,-79
2,-77
2,-57
2,-71
2,-79
2,-79
2,-65
2,-67
2,-77
2,-79
2,-79
2,-69
2,-79
2,-60
2,-65
2,-50
2,-74
2,-79
2,-71
2,-52
2,-79
2,-76
2,-57
2,-72
2,-79
2,-79
2,-65
2,-67
2,-79
2,-79
2,-79
2,-69
2,-79
2,-60
2,-65
2,-49
2,-74
2,-79
2,-71
2,-52
2,-79
2,-77
2,-57
2,-72
2,-79
2,-79
2,-66
2,-66
2,-77
2,-79
2,-79
2,-68
2,-79
2,-61
2,-65
2,-50
2,-75
2,-79
2,-71
2,-52
2,-79
2,-76
2,-56
2,-71
2,-79
2,-79
2,-65
2,-64
2,-78
2,-79
2,-79
2,-69
2,-79
2,-59
2,-66
2,-50
2,-73
2,-79
2,-71
2,-51
2,-79
2,-76
2,-56
2,-72
2,-79
2,-79
2,-66
2,-64
2,-79
2,-79
2,-79
2,-70
2,-79
2,-58
2,-65
2,-50
2,-74
2,-79
2,-72
2,-52
2,-52
2,-77
2,-56
2,-72
2,-79
2,-79
2,-66
2,-66
2,-79
2,-79
2,-79
2,-68
2,-79
2,-59
2,-66
2,-49
2,-74
2,-79
2,-70
2,-76
2,-55
2,-72
2,-79
2,-79
2,-65
2,-66
2,-79
2,-79
2,-79
2,-68
2,-79
2,-59
2,-65
2,-50
2,-74
2,-78
2,-70
2,-52
2,-77
2,-55
2,-72
2,-79
2,-79
2,-65
2,-66
2,-79
2,-79
2,-79
2,-68
2,-79
2,-59
2,-66
2,-50
2,-74
2,-77
2,-70
2,-52
2,-77
2,-55
2,-72
2,-79
2,-79
2,-67
2,-67
2,-79
2,-79
2,-79
2,-68
2,-79
2,-58
2,-65
2,-50
2,-74
2,-79
2,-71
2,-52
2,-77
2,-56
2,-72
2,-79
2,-79
2,-66
2,-66
2,-79
2,-79
2,-79
2,-68
2,-79
2,-58
2,-65
2,-50
2,-75
2,-79
2,-71
2,-52
2,-77
2,-56
2,-73
2,-79
2,-79
2,-69
2,-66
2,-79
2,-79
2,-79
2,-68
2,-79
2,-58
2,-66
2,-50
2,-75
2,-79
2,-72
2,-52
2,-79
2,-56
2,-72
2,-79
2,-79
2,-67
2,-67
2,-79
2,-79
2,-79
2,-68
2,-79
2,-58
2,-65
2,-49
2,-75
2,-79
2,-70
2,-52
2,-78
2,-57
2,-72
2,-79
2,-79
2,-69
2,-69
2,-79
2,-79
2,-79
2,-68
2,-79
2,-58
2,-65
2,-50
2,-74
2,-79
2,-70
2,-52
2,-77
2,-57
2,-72
2,-79
2,-79
2,-70
2,-69
2,-79
2,-79
2,-79
2,-68
2,-79
2,-57
2,-65
2,-50
2,-74
2,-79
2,-70
2,-53
2,-78
2,-57
2,-72
2,-79
2,-79
2,-70
2,-69
2,-79
2,-79
2,-79
2,-68
2,-79
2,-57
2,-67
2,-50
2,-75
2,-79
2,-69
2,-52
2,-78
2,-57
2,-72
2,-79
2,-79
2,-69
2,-69
2,-79
2,-79
2,-79
2,-78
2,-68
2,-79
2,-57
2,-67
2,-50
2,-75
2,-79
2,-69
2,-52
2,-79
2,-58
2,-72
2,-79
2,-79
2,-69
2,-69
2,-79
2,-79
2,-79
2,-78
2,-68
2,-79
2,-57
2,-67
2,-50
2,-75
2,-79
2,-69
2,-52
2,-79
2,-58
2,-72
2,-79
2,-79
2,-69
2,-70
2,-79
2,-79
2,-79
2,-78
2,-68
2,-79
2,-57
2,-67
2,-50
2,-74
2,-79
2,-69
2,-52
2,-78
2,-58
2,-73
2,-79
2,-79
2,-71
2,-67
2,-79
2,-79
2,-79
2,-78
2,-68
2,-79
2,-57
2,-67
2,-49
2,-74
2,-79
2,-69
2,-53
2,-79
2,-58
2,-73
2,-79
2,-79
2,-70
2,-68
2,-79
2,-79
2,-79
2,-79
2,-68
2,-79
2,-57
2,-68
2,-49
2,-74
2,-79
2,-69
2,-52
2,-77
2,-57
2,-73
2,-79
2,-79
2,-70
2,-68
2,-79
2,-79
2,-79
2,-79
2,-68
2,-79
2,-57
2,-68
2,-50
2,-76
2,-79
2,-69
2,-52
2,-77
2,-60
2,-73
2,-79
2,-79
2,-70
2,-69
2,-79
2,-79
2,-79
2,-77
2,-69
2,-79
2,-58
2,-68
2,-51
2,-77
2,-79
2,-69
2,-58
3,-77
3,-79
3,-74
3,-79
3,-66
3,-69
3,-74
3,-63
3,-72
3,-78
3,-79
3,-79
3,-66
3,-48
3,-78
3,-79
3,-73
3,-79
3,-78
3,-79
3,-61
3,-79
3,-79
3,-79
3,-77
3,-79
3,-74
3,-79
3,-68
3,-68
3,-71
3,-65
3,-70
3,-78
3,-79
3,-79
3,-66
3,-48
3,-79
3,-79
3,-79
3,-78
3,-79
3,-62
3,-79
3,-79
3,-79
3,-77
3,-79
3,-71
3,-79
3,-68
3,-68
3,-71
3,-67
3,-70
3,-79
3,-79
3,-66
3,-50
3,-79
3,-79
3,-79
3,-78
3,-79
3,-61
3,-79
3,-78
3,-79
3,-77
3,-79
3,-71
3,-79
3,-70
3,-69
3,-73
3,-65
3,-69
3,-79
3,-79
3,-66
3,-50
3,-79
3,-79
3,-79
3,-77
3,-79
3,-61
3,-79
3,-78
3,-79
3,-77
3,-79
3,-71
3,-79
3,-70
3,-68
3,-73
3,-65
3,-71
3,-79
3,-79
3,-65
3,-50
3,-79
3,-79
3,-79
3,-79
3,-79
3,-62
3,-79
3,-78
3,-79
3,-78
3,-79
3,-71
3,-79
3,-70
3,-68
3,-70
3,-65
3,-67
3,-79
3,-79
3,-65
3,-50
3,-79
3,-79
3,-79
3,-79
3,-79
3,-61
3,-78
3,-79
3,-79
3,-78
3,-79
3,-71
3,-79
3,-70
3,-68
3,-71
3,-66
3,-69
3,-79
3,-79
3,-65
3,-50
3,-79
3,-79
3,-79
3,-79
3,-79
3,-61
3,-78
3,-78
3,-79
3,-78
3,-79
3,-71
3,-79
3,-70
3,-68
3,-71
3,-64
3,-69
3,-79
3,-79
3,-64
3,-51
3,-79
3,-79
3,-79
3,-79
3,-79
3,-60
3,-79
3,-78
3,-79
3,-78
3,-79
3,-71
3,-79
3,-70
3,-69
3,-70
3,-66
3,-69
3,-79
3,-76
3,-64
3,-50
3,-79
3,-78
3,-79
3,-79
3,-79
3,-60
3,-79
3,-78
3,-79
3,-78
3,-79
3,-71
3,-79
3,-70
3,-68
3,-70
3,-65
3,-70
3,-79
3,-76
3,-64
3,-50
3,-79
3,-79
3,-79
3,-79
3,-79
3,-61
3,-79
3,-78
3,-79
3,-78
3,-79
3,-71
3,-79
3,-69
3,-68
3,-70
3,-65
3,-68
3,-79
3,-76
3,-64
3,-50
3,-78
3,-79
3,-79
3,-79
3,-79
3,-61
3,-79
3,-79
3,-79
3,-79
3,-79
3,-70
3,-79
3,-70
3,-69
3,-68
3,-65
3,-71
3,-79
3,-76
3,-64
3,-50
3,-79
3,-79
3,-79
3,-79
3,-79
3,-61
3,-79
3,-78
3,-79
3,-79
3,-79
3,-69
3,-79
3,-70
3,-69
3,-68
3,-65
3,-70
3,-78
3,-76
3,-64
3,-50
3,-79
3,-79
3,-79
3,-79
3,-79
3,-61
3,-79
3,-79
3,-79
3,-79
3,-79
3,-71
3,-79
3,-70
3,-69
3,-69
3,-65
3,-68
3,-78
3,-77
3,-63
3,-51
3,-79
3,-79
3,-79
3,-79
3,-79
3,-61
3,-79
3,-79
3,-79
3,-79
3,-79
3,-71
3,-79
3,-72
3,-69
3,-69
3,-65
3,-71
3,-79
3,-78
3,-63
3,-52
3,-79
3,-79
3,-79
3,-79
3,-79
3,-60
3,-79
3,-78
3,-79
3,-79
3,-79
3,-71
3,-79
3,-69
3,-68
3,-69
3,-65
3,-69
3,-79
3,-76
3,-62
3,-54
3,-79
3,-79
3,-79
3,-79
3,-77
3,-59
3,-79
3,-78
3,-79
3,-78
3,-79
3,-71
3,-79
3,-69
3,-69
3,-71
3,-64
3,-70
3,-79
3,-76
3,-62
3,-53
3,-79
3,-79
3,-79
3,-78
3,-77
3,-61
3,-79
3,-78
3,-79
3,-77
3,-79
3,-72
3,-79
3,-69
3,-69
3,-69
3,-65
3,-70
3,-76
3,-76
3,-62
3,-54
3,-79
3,-79
3,-79
3,-78
3,-77
3,-61
3,-79
3,-79
3,-79
3,-77
3,-79
3,-71
3,-79
3,-69
3,-69
3,-72
3,-65
3,-70
3,-76
3,-76
3,-61
3,-54
3,-79
3,-79
3,-79
3,-78
3,-77
3,-60
3,-79
3,-78
3,-79
3,-77
3,-71
3,-79
3,-68
3,-69
3,-71
3,-65
3,-71
3,-76
3,-76
3,-61
3,-54
3,-79
3,-79
3,-79
3,-78
3,-77
3,-60
3,-79
3,-79
3,-79
3,-77
3,-71
3,-79
3,-68
3,-70
3,-69
3,-65
3,-72
3,-76
3,-76
3,-61
3,-53
3,-79
3,-79
3,-79
3,-78
3,-77
3,-60
3,-79
3,-78
3,-79
3,-78
3,-70
3,-77
3,-69
3,-70
3,-69
3,-66
3,-72
3,-79
3,-74
3,-61
3,-53
3,-79
3,-79
3,-79
3,-78
3,-77
3,-62
3,-79
3,-78
3,-79
3,-78
3,-70
3,-79
3,-69
3,-71
3,-69
3,-65
3,-71
3,-79
3,-77
3,-61
3,-53
3,-79
3,-79
3,-79
3,-78
3,-77
3,-62
3,-79
3,-78
3,-79
3,-77
3,-70
3,-79
3,-69
3,-69
3,-70
3,-65
3,-71
3,-79
3,-77
3,-62
3,-53
3,-79
3,-79
3,-79
3,-78
3,-77
3,-61
3,-79
3,-79
3,-79
3,-78
3,-70
3,-79
3,-69
3,-70
3,-70
3,-65
3,-70
3,-79
3,-77
3,-62
3,-54
3,-79
3,-79
3,-79
3,-78
3,-77
3,-61
3,-79
3,-78
3,-79
3,-77
3,-70
3,-79
3,-69
3,-69
3,-72
3,-65
3,-70
3,-79
3,-77
3,-62
3,-54
3,-79
3,-79
3,-79
3,-79
3,-79
3,-62
3,-79
3,-79
3,-79
3,-77
3,-71
3,-79
3,-69
3,-69
3,-71
3,-67
3,-71
3,-79
3,-77
3,-61
3,-54
3,-79
3,-77
3,-79
3,-79
3,-79
3,-61
3,-79
3,-78
3,-79
3,-78
3,-71
3,-79
3,-69
3,-69
3,-73
3,-65
3,-72
3,-79
3,-77
3,-62
3,-55
3,-78
3,-78
3,-79
3,-79
3,-79
3,-61
3,-79
3,-78
3,-79
3,-78
3,-71
3,-79
3,-69
3,-69
3,-74
3,-66
3,-72
3,-79
3,-77
3,-61
3,-54
3,-79
3,-78
3,-79
3,-77
3,-79
3,-61
3,-79
3,-78
3,-79
3,-77
3,-71
3,-79
3,-70
3,-68
3,-74
3,-65
3,-71
3,-79
3,-75
3,-61
3,-54
3,-79
3,-78
3,-79
3,-77
3,-79
3,-61
3,-79
3,-78
3,-79
3,-77
3,-71
3,-79
3,-70
3,-69
3,-74
3,-65
3,-71
3,-79
3,-75
3,-61
3,-55
3,-79
3,-79
3,-79
3,-77
3,-79
3,-61
3,-79
3,-77
3,-79
3,-77
3,-70
3,-79
3,-70
3,-69
3,-74
3,-65
3,-70
3,-79
3,-74
3,-62
3,-55
3,-79
3,-79
3,-79
3,-78
3,-79
3,-61
3,-79
3,-78
3,-79
3,-77
3,-70
3,-79
3,-71
3,-69
3,-74
3,-65
3,-71
3,-79
3,-74
3,-62
3,-54
3,-79
3,-79
3,-79
3,-79
3,-79
3,-61
3,-79
3,-78
3,-79
3,-77
3,-70
3,-79
3,-70
3,-69
3,-74
3,-66
3,-70
3,-79
3,-74
3,-63
3,-55
3,-79
3,-79
3,-79
3,-79
3,-79
3,-61
3,-79
3,-78
3,-79
3,-78
3,-70
3,-79
3,-70
3,-69
3,-74
3,-65
3,-69
3,-79
3,-74
3,-63
3,-55
3,-79
3,-79
3,-79
3,-79
3,-79
3,-61
3,-79
3,-78
3,-79
3,-77
3,-70
3,-79
3,-70
3,-70
3,-76
3,-65
3,-76
3,-69
3,-79
3,-74
3,-63
3,-54
3,-79
3,-78
3,-79
3,-79
3,-79
3,-61
3,-79
3,-78
3,-79
3,-54
3,-77
3,-70
3,-79
3,-70
3,-69
3,-75
3,-65
3,-76
3,-70
3,-79
3,-74
3,-63
3,-79
3,-78
3,-79
3,-79
3,-79
3,-61
3,-79
3,-77
3,-79
3,-77
3,-71
3,-79
3,-71
3,-69
3,-75
3,-65
3,-76
3,-70
3,-79
3,-76
3,-64
3,-53
3,-79
3,-78
3,-79
3,-79
3,-79
3,-61
3,-79
3,-78
3,-79
3,-79
3,-71
3,-79
3,-71
3,-68
3,-77
3,-64
3,-76
3,-71
3,-79
3,-76
3,-64
3,-53
3,-79
3,-78
3,-79
3,-78
3,-79
3,-61
3,-79
3,-78
3,-79
3,-79
3,-71
3,-79
3,-71
3,-68
3,-78
3,-64
3,-76
3,-69
3,-79
3,-77
3,-79
3,-64
3,-53
3,-79
3,-79
3,-79
3,-78
3,-79
3,-61
3,-79
3,-77
3,-79
3,-78
3,-71
3,-79
3,-71
3,-68
3,-78
3,-65
3,-76
3,-70
3,-79
3,-79
3,-79
3,-64
3,-53
3,-79
3,-79
3,-79
3,-78
3,-79
3,-61
3,-79
3,-78
3,-79
3,-78
3,-71
3,-79
3,-70
3,-69
3,-78
3,-66
3,-76
3,-70
3,-79
3,-79
3,-79
3,-64
3,-53
3,-79
3,-79
3,-79
3,-78
3,-79
3,-61
3,-79
3,-79
3,-79
3,-78
3,-71
3,-79
3,-70
3,-68
3,-78
3,-65
3,-76
3,-70
3,-79
3,-79
3,-79
3,-66
3,-52
3,-79
3,-79
3,-79
3,-78
3,-79
3,-61
3,-78
3,-78
3,-79
3,-78
3,-71
3,-79
3,-70
3,-68
3,-78
3,-64
3,-76
3,-68
3,-79
3,-75
3,-79
3,-65
3,-52
3,-79
3,-78
3,-79
3,-77
3,-79
3,-61
3,-78
3,-78
3,-79
3,-77
3,-71
3,-79
3,-70
3,-68
3,-78
3,-65
3,-76
3,-69
3,-79
3,-75
3,-79
3,-65
3,-52
3,-79
3,-78
3,-79
3,-78
3,-79
3,-61
3,-78
3,-78
3,-79
3,-77
3,-71
3,-79
3,-69
3,-69
3,-78
3,-64
3,-76
3,-69
3,-79
3,-78
3,-79
3,-65
3,-51
3,-79
3,-78
3,-79
3,-78
3,-79
3,-61
3,-79
3,-78
3,-79
3,-51
3,-78
3,-71
3,-79
3,-69
3,-67
3,-78
3,-65
3,-76
3,-68
3,-78
3,-79
3,-65
3,-79
3,-78
3,-79
3,-78
3,-79
3,-60
3,-79
3,-79
3,-79
3,-78
3,-71
3,-79
3,-69
3,-67
3,-77
3,-65
3,-76
3,-68
3,-78
3,-79
3,-65
3,-51
3,-79
3,-77
3,-79
3,-78
3,-79
3,-60
3,-79
3,-78
3,-79
3,-77
3,-71
3,-79
3,-68
3,-67
3,-77
3,-64
3,-78
3,-69
3,-79
3,-78
3,-79
3,-66
3,-50
3,-79
3,-78
3,-79
3,-78
3,-59
3,-76
3,-78
3,-79
3,-77
3,-70
3,-79
3,-68
3,-68
3,-77
3,-65
3,-78
3,-69
3,-79
3,-78
3,-79
3,-66
3,-51
3,-79
3,-77
3,-79
3,-78
3,-60
3,-76
3,-78
3,-79
3,-77
3,-70
3,-79
3,-69
3,-68
3,-77
3,-64
3,-78
3,-69
3,-79
3,-78
3,-79
3,-66
3,-51
3,-79
3,-78
3,-79
3,-78
3,-59
3,-76
3,-78
3,-79
3,-77
3,-71
3,-79
3,-69
3,-68
3,-78
3,-66
3,-78
3,-69
3,-79
3,-78
3,-79
3,-66
3,-51
3,-79
3,-78
3,-79
3,-78
3,-59
3,-76
3,-78
3,-79
3,-77
3,-71
3,-79
3,-69
3,-69
3,-78
3,-66
3,-78
3,-69
3,-79
3,-78
3,-79
3,-66
3,-51
3,-79
3,-78
3,-79
3,-78
3,-59
3,-76
3,-78
3,-79
3,-77
3,-71
3,-79
3,-69
3,-69
3,-78
3,-65
3,-78
3,-69
3,-79
3,-78
3,-79
3,-66
3,-50
3,-79
3,-79
3,-79
3,-78
3,-59
3,-76
3,-78
3,-79
3,-77
3,-71
3,-79
3,-69
3,-70
3,-79
3,-64
3,-78
3,-71
3,-79
3,-78
3,-76
3,-66
3,-51
3,-79
3,-79
3,-79
3,-76
3,-59
3,-76
3,-78
3,-79
3,-78
3,-71
3,-79
3,-68
3,-68
3,-79
3,-66
3,-78
3,-74
3,-79
3,-78
3,-76
3,-67
3,-50
3,-78
3,-79
3,-79
3,-76
3,-59
3,-76
3,-79
3,-79
3,-78
3,-72
3,-79
3,-71
3,-69
3,-79
3,-65
3,-78
3,-71
3,-79
3,-78
3,-76
3,-66
3,-50
3,-79
3,-78
3,-79
3,-76
3,-58
3,-75
3,-78
3,-79
3,-78
3,-72
3,-79
3,-71
3,-69
3,-79
3,-65
3,-78
3,-72
3,-79
3,-78
3,-76
3,-66
3,-50
3,-79
3,-78
3,-79
3,-76
3,-61
3,-75
3,-76
3,-79
3,-78
3,-72
3,-79
3,-70
3,-68
3,-79
3,-65
3,-78
3,-72
3,-79
3,-78
3,-76
3,-66
3,-50
3,-79
3,-78
3,-79
3,-76
3,-60
3,-75
3,-76
3,-79
3,-78
3,-72
3,-79
3,-69
3,-68
3,-79
3,-65
3,-78
3,-71
3,-79
3,-78
3,-76
3,-66
3,-50
3,-79
3,-78
3,-79
3,-76
3,-61
3,-74
3,-77
3,-79
3,-78
3,-72
3,-79
3,-71
3,-68
3,-79
3,-65
3,-78
3,-71
3,-79
3,-78
3,-76
3,-66
3,-50
3,-79
3,-79
3,-79
3,-76
3,-60
3,-74
3,-77
3,-79
3,-78
3,-72
3,-79
3,-69
3,-68
3,-79
3,-65
3,-78
3,-71
3,-79
3,-77
3,-76
3,-66
3,-49
3,-79
3,-79
3,-79
3,-76
3,-60
3,-76
3,-79
3,-79
3,-78
3,-72
3,-79
3,-69
3,-69
3,-79
3,-64
3,-78
3,-71
3,-79
3,-77
3,-76
3,-66
3,-49
3,-79
3,-79
3,-79
3,-76
3,-60
3,-76
3,-78
3,-79
3,-78
3,-72
3,-79
3,-69
3,-68
3,-79
3,-65
3,-78
3,-71
3,-79
3,-79
3,-76
3,-65
3,-49
3,-79
3,-79
3,-79
3,-79
3,-60
3,-76
3,-78
3,-79
3,-78
3,-72
3,-79
3,-69
3,-68
3,-78
3,-65
3,-78
3,-70
3,-79
3,-79
3,-76
3,-65
3,-48
3,-79
3,-78
3,-79
3,-79
3,-60
3,-76
3,-78
3,-79
3,-78
3,-72
3,-79
3,-69
3,-68
3,-78
3,-65
3,-78
3,-71
3,-79
3,-79
3,-76
3,-65
3,-48
3,-79
3,-78
3,-79
3,-79
3,-61
3,-77
3,-78
3,-79
3,-78
3,-72
3,-79
3,-69
3,-68
3,-78
3,-65
3,-78
3,-70
3,-79
3,-78
3,-76
3,-65
3,-48
3,-79
3,-78
3,-79
3,-79
3,-61
3,-77
3,-78
3,-79
3,-78
3,-72
3,-79
3,-70
3,-69
3,-77
3,-65
3,-78
3,-71
3,-79
3,-78
3,-76
3,-64
3,-48
3,-79
3,-79
3,-79
3,-78
3,-60
3,-77
3,-79
3,-79
3,-78
3,-72
3,-79
3,-69
3,-68
3,-77
3,-65
3,-78
3,-70
3,-79
3,-78
3,-79
3,-64
3,-48
3,-79
3,-79
3,-79
3,-78
3,-61
3,-76
3,-78
3,-79
3,-78
3,-72
3,-79
3,-69
3,-68
3,-78
3,-65
3,-78
3,-69
3,-79
3,-78
3,-79
3,-63
3,-48
3,-79
3,-78
3,-79
3,-78
3,-61
3,-76
3,-78
3,-79
3,-78
3,-72
3,-79
3,-69
3,-69
3,-78
3,-65
3,-78
3,-69
3,-79
3,-78
3,-79
3,-63
3,-48
3,-79
3,-78
3,-79
3,-78
3,-61
3,-76
3,-79
3,-79
3,-78
3,-72
3,-79
3,-69
3,-68
3,-77
3,-65
3,-79
3,-69
3,-78
3,-79
3,-63
3,-48
3,-79
3,-79
3,-79
3,-78
3,-61
3,-76
3,-78
3,-79
3,-78
3,-72
3,-79
3,-69
3,-68
3,-76
3,-65
3,-79
3,-69
3,-78
3,-79
3,-62
3,-48
3,-79
3,-78
3,-79
3,-79
3,-62
3,-78
3,-78
3,-79
3,-77
3,-69
3,-79
3,-70
3,-68
3,-74
3,-65
3,-79
3,-70
3,-79
3,-79
3,-62
3,-47
3,-79
3,-77
3,-79
3,-79
3,-62
3,-77
3,-77
3,-79
3,-77
3,-69
3,-79
3,-71
3,-68
3,-75
3,-65
3,-79
3,-70
3,-79
3,-79
3,-62
3,-47
3,-79
3,-77
3,-79
3,-78
3,-63
3,-77
3,-78
3,-79
3,-77
3,-69
3,-79
3,-71
3,-68
3,-76
3,-64
3,-79
3,-70
3,-77
3,-79
3,-61
3,-47
3,-79
3,-77
3,-79
3,-78
3,-63
3,-77
3,-78
3,-79
3,-77
3,-71
3,-79
3,-71
3,-69
3,-75
3,-64
3,-79
3,-70
3,-77
3,-79
3,-61
3,-47
3,-79
3,-78
3,-79
3,-78
3,-63
3,-77
3,-78
3,-79
3,-78
3,-70
3,-79
3,-70
3,-68
3,-75
3,-65
3,-79
3,-70
3,-77
3,-79
3,-60
3,-47
3,-79
3,-78
3,-79
3,-78
3,-63
3,-77
3,-78
3,-79
3,-78
3,-70
3,-79
3,-70
3,-69
3,-75
3,-65
3,-79
3,-68
3,-79
3,-79
3,-79
3,-59
3,-47
3,-79
3,-78
3,-79
3,-78
3,-62
3,-77
3,-78
3,-79
3,-78
3,-70
3,-79
3,-71
3,-69
3,-73
3,-64
3,-79
3,-67
3,-79
3,-79
3,-79
3,-59
3,-47
3,-79
3,-78
3,-79
3,-78
3,-79
3,-63
3,-77
3,-78
3,-79
3,-78
3,-70
3,-79
3,-71
3,-69
3,-73
3,-65
3,-79
3,-68
3,-79
3,-79
3,-79
3,-59
3,-47
3,-79
3,-79
3,-79
3,-77
3,-79
3,-63
3,-77
3,-78
3,-79
3,-78
3,-70
3,-79
3,-71
3,-69
3,-73
3,-65
3,-79
3,-68
3,-79
3,-79
3,-79
3,-59
3,-47
3,-79
3,-79
3,-79
3,-78
3,-79
3,-62
3,-79
3,-78
3,-79
3,-78
3,-70
3,-79
3,-70
3,-68
3,-73
3,-64
3,-79
3,-69
3,-79
3,-79
3,-79
3,-59
3,-47
3,-79
3,-79
3,-79
3,-78
3,-79
3,-61
3,-79
3,-77
3,-79
3,-78
3,-70
3,-79
3,-70
3,-69
3,-73
3,-65
3,-79
3,-67
3,-79
3,-79
3,-79
3,-59
3,-47
3,-79
3,-79
3,-79
3,-78
3,-79
3,-61
3,-79
3,-79
3,-79
3,-78
3,-70
3,-79
3,-70
3,-69
3,-72
3,-64
3,-77
3,-67
3,-79
3,-78
3,-79
3,-59
3,-47
3,-79
3,-79
3,-79
3,-78
3,-79
3,-61
3,-79
3,-78
3,-79
3,-77
3,-70
3,-79
3,-70
3,-69
3,-71
3,-64
3,-77
3,-67
3,-79
3,-79
3,-79
3,-59
3,-48
3,-79
3,-79
3,-79
3,-78
3,-79
3,-61
3,-79
3,-78
3,-79
3,-77
3,-71
3,-79
3,-70
3,-69
3,-70
3,-65
3,-77
3,-67
3,-79
3,-79
3,-79
3,-58
3,-49
3,-79
3,-79
3,-79
3,-78
3,-79
3,-61
3,-79
3,-78
3,-79
3,-77
3,-71
3,-79
3,-69
3,-68
3,-71
3,-65
3,-77
3,-67
3,-79
3,-79
3,-79
3,-58
3,-49
3,-79
3,-79
3,-79
3,-78
3,-79
3,-61
3,-79
3,-78
3,-79
3,-77
3,-71
3,-79
3,-68
3,-69
3,-71
3,-65
3,-77
3,-67
3,-79
3,-79
3,-79
3,-58
3,-49
3,-79
3,-79
3,-79
3,-78
3,-79
3,-61
3,-78
3,-78
3,-79
3,-78
3,-71
3,-79
3,-68
3,-69
3,-69
3,-64
3,-77
3,-69
3,-79
3,-79
3,-79
3,-58
3,-49
3,-79
3,-79
3,-79
3,-78
3,-79
3,-61
3,-79
3,-78
3,-79
3,-78
3,-71
3,-79
3,-69
3,-69
3,-69
3,-64
3,-77
3,-68
3,-79
3,-79
3,-79
3,-59
3,-49
3,-79
3,-79
3,-79
3,-77
3,-79
3,-60
3,-79
3,-78
3,-79
3,-78
3,-71
3,-79
3,-69
3,-69
3,-68
3,-65
3,-77
3,-68
3,-79
3,-79
3,-59
3,-50
3,-79
3,-79
3,-79
3,-77
3,-79
3,-79
3,-60
3,-79
3,-77
3,-79
3,-78
3,-71
3,-79
3,-69
3,-69
3,-68
3,-64
3,-77
3,-69
3,-79
3,-79
3,-59
3,-50
3,-79
3,-79
3,-79
3,-77
3,-79
3,-79
3,-60
3,-79
3,-79
3,-79
3,-78
3,-71
3,-79
3,-70
3,-69
3,-68
3,-64
3,-77
3,-68
3,-79
3,-79
3,-58
3,-50
3,-79
3,-79
3,-79
3,-77
3,-79
3,-79
3,-61
3,-79
3,-78
3,-79
3,-78
3,-71
3,-79
3,-70
3,-68
3,-68
3,-65
3,-78
3,-67
3,-79
3,-79
3,-59
3,-50
3,-79
3,-79
3,-79
3,-77
3,-79
3,-79
3,-61
3,-79
3,-77
3,-79
3,-77
3,-71
3,-79
3,-70
3,-69
3,-69
3,-65
3,-78
3,-68
3,-79
3,-79
3,-59
3,-51
3,-79
3,-79
3,-79
3,-77
3,-79
3,-79
3,-61
3,-79
3,-78
3,-79
3,-77
3,-67
3,-79
3,-69
3,-68
3,-68
3,-64
3,-78
3,-67
3,-79
3,-77
3,-60
3,-51
3,-79
3,-79
3,-79
3,-79
3,-79
3,-79
3,-61
3,-79
3,-78
3,-79
3,-77
3,-67
3,-79
3,-69
3,-68
3,-68
3,-65
3,-78
3,-68
3,-79
3,-76
3,-60
3,-52
3,-79
3,-79
3,-79
3,-79
3,-79
3,-79
3,-61
3,-79
3,-77
3,-79
3,-78
3,-67
3,-79
3,-69
3,-68
3,-68
3,-64
3,-78
3,-68
3,-79
3,-76
3,-60
3,-52
3,-79
3,-79
3,-79
3,-79
3,-79
3,-79
3,-60
3,-79
3,-78
3,-79
3,-78
3,-67
3,-79
3,-69
3,-68
3,-68
3,-65
3,-78
3,-68
3,-79
3,-75
3,-60
3,-52
3,-78
3,-79
3,-79
3,-79
3,-79
3,-79
3,-60
3,-79
3,-78
3,-79
3,-78
3,-67
3,-79
3,-70
3,-68
3,-70
3,-65
3,-78
3,-68
3,-79
3,-75
3,-60
3,-52
3,-79
3,-79
3,-79
3,-79
3,-79
3,-79
3,-60
3,-79
3,-77
3,-79
3,-78
3,-68
3,-79
3,-70
3,-68
3,-68
3,-65
3,-78
3,-68
3,-75
3,-61
3,-52
3,-79
3,-79
3,-79
3,-79
3,-79
3,-79
3,-60
3,-79
3,-78
3,-79
3,-78
3,-67
3,-79
3,-69
3,-68
3,-68
3,-65
3,-78
3,-68
3,-72
3,-61
3,-53
3,-79
3,-79
3,-79
3,-79
3,-79
3,-79
3,-60
3,-79
3,-78
3,-79
3,-78
3,-67
3,-79
3,-69
3,-68
3,-69
3,-65
3,-78
3,-69
3,-72
3,-62
3,-53
3,-79
3,-79
3,-79
3,-79
3,-79
3,-79
3,-60
3,-79
3,-78
3,-79
3,-78
3,-67
3,-79
3,-69
3,-68
3,-70
3,-65
3,-78
3,-68
3,-75
3,-62
3,-53
3,-79
3,-79
3,-79
3,-78
3,-79
3,-79
3,-61
3,-79
3,-77
3,-79
3,-78
3,-67
3,-79
3,-69
3,-68
3,-71
3,-65
3,-78
3,-70
3,-76
3,-64
3,-54
3,-78
3,-79
3,-79
3,-79
3,-79
3,-79
3,-60
3,-79
3,-77
3,-79
3,-78
3,-67
3,-79
3,-70
3,-68
3,-71
3,-65
3,-78
3,-70
3,-76
3,-64
3,-54
3,-79
3,-79
3,-79
3,-79
3,-79
3,-79
3,-60
3,-79
3,-78
3,-79
3,-78
3,-67
3,-79
3,-70
3,-67
3,-70
3,-65
3,-78
3,-70
3,-76
3,-64
3,-53
3,-78
3,-79
3,-79
3,-79
3,-79
3,-79
3,-59
3,-79
3,-77
3,-79
3,-78
3,-68
3,-79
3,-71
3,-68
3,-71
3,-65
3,-78
3,-70
3,-76
3,-64
3,-53
3,-78
3,-79
3,-79
3,-79
3,-79
3,-79
3,-59
3,-78
3,-78
3,-79
3,-79
3,-69
3,-79
3,-70
3,-68
3,-71
3,-65
3,-79
3,-70
3,-76
3,-64
3,-53
3,-79
3,-79
3,-79
3,-79
3,-79
3,-79
3,-59
3,-78
3,-77
3,-79
3,-79
3,-68
3,-79
3,-71
3,-69
3,-71
3,-65
3,-78
3,-70
3,-76
3,-64
3,-53
3,-78
3,-79
3,-79
3,-79
3,-79
3,-79
3,-58
3,-76
3,-78
3,-79
3,-78
3,-68
3,-79
3,-71
3,-68
3,-71
3,-65
3,-78
3,-70
3,-76
3,-65
3,-53
3,-79
3,-78
3,-79
3,-79
3,-79
3,-79
3,-58
3,-76
3,-78
3,-79
3,-78
3,-68
3,-79
3,-70
3,-68
3,-71
3,-64
3,-78
3,-70
3,-76
3,-65
3,-54
3,-79
3,-79
3,-79
3,-79
3,-79
3,-79
3,-58
3,-76
3,-78
3,-79
3,-78
3,-68
3,-79
3,-70
3,-68
3,-72
3,-65
3,-78
3,-69
3,-75
3,-65
3,-54
3,-79
3,-78
3,-79
3,-78
3,-79
3,-79
3,-58
3,-76
3,-78
3,-79
3,-78
3,-68
3,-79
3,-70
3,-68
3,-73
3,-64
3,-78
3,-69
3,-75
3,-67
3,-54
3,-79
3,-78
3,-79
3,-79
3,-79
3,-79
3,-58
3,-76
3,-77
3,-79
3,-78
3,-68
3,-79
3,-70
3,-68
3,-71
3,-64
3,-79
3,-69
3,-77
3,-67
3,-53
3,-79
3,-79
3,-79
3,-78
3,-79
3,-79
3,-58
3,-76
3,-78
3,-79
3,-78
3,-68
3,-79
3,-70
3,-68
3,-73
3,-64
3,-79
3,-68
3,-76
3,-67
3,-54
3,-79
3,-79
3,-79
3,-78
3,-79
3,-79
3,-59
3,-74
3,-77
3,-79
3,-77
3,-68
3,-79
3,-69
3,-69
3,-73
3,-65
3,-77
3,-69
3,-76
3,-67
3,-54
3,-78
3,-79
3,-79
3,-78
3,-79
3,-79
3,-59
3,-74
3,-78
3,-79
3,-78
3,-68
3,-79
3,-69
3,-69
3,-74
3,-65
3,-77
3,-69
3,-75
3,-67
3,-54
3,-79
3,-79
3,-79
3,-78
3,-79
3,-79
3,-59
3,-73
3,-78
3,-79
3,-78
3,-68
3,-79
3,-69
3,-68
3,-74
3,-64
3,-77
3,-70
3,-78
3,-67
3,-54
3,-78
3,-79
3,-79
3,-78
3,-79
3,-79
3,-59
3,-72
3,-77
3,-79
3,-78
3,-68
3,-79
3,-70
3,-69
3,-73
3,-65
3,-77
3,-70
3,-77
3,-66
3,-54
3,-79
3,-79
3,-79
3,-78
3,-79
3,-79
3,-60
3,-72
3,-78
3,-79
3,-55
3,-78
3,-68
3,-79
3,-69
3,-68
3,-73
3,-65
3,-77
3,-70
3,-77
3,-66
3,-79
3,-79
3,-79
3,-78
3,-79
3,-79
3,-59
3,-72
3,-78
3,-79
3,-77
3,-68
3,-79
3,-70
3,-69
3,-74
3,-65
3,-77
3,-69
3,-78
3,-65
3,-54
3,-79
3,-79
3,-79
3,-78
3,-79
3,-60
3,-72
3,-78
3,-79
3,-78
3,-77
3,-68
3,-79
3,-70
3,-69
3,-74
3,-64
3,-77
3,-70
3,-75
3,-65
3,-55
3,-79
3,-79
3,-79
3,-78
3,-79
3,-60
3,-72
3,-78
3,-79
3,-78
3,-77
3,-68
3,-79
3,-70
3,-69
3,-74
3,-65
3,-77
3,-70
3,-76
3,-64
3,-54
3,-79
3,-79
3,-79
3,-78
3,-79
3,-60
3,-73
3,-78
3,-79
3,-78
3,-77
3,-68
3,-79
3,-70
3,-69
3,-74
3,-65
3,-77
3,-70
3,-76
3,-64
3,-54
3,-79
3,-79
3,-79
3,-78
3,-79
3,-60
3,-74
3,-78
3,-79
3,-78
3,-54
3,-77
3,-68
3,-79
3,-70
3,-69
3,-75
3,-65
3,-77
3,-71
3,-76
3,-62
3,-79
3,-79
3,-79
3,-78
3,-79
3,-60
3,-72
3,-77
3,-79
3,-78
3,-77
3,-68
3,-79
3,-70
3,-69
3,-75
3,-64
3,-77
3,-70
3,-76
3,-62
3,-55
3,-79
3,-79
3,-79
3,-78
3,-79
3,-60
3,-72
3,-78
3,-79
3,-78
3,-77
3,-68
3,-79
3,-70
3,-68
3,-75
3,-65
3,-77
3,-70
3,-76
3,-62
3,-55
3,-79
3,-79
3,-79
3,-78
3,-79
3,-61
3,-73
3,-78
3,-79
3,-78
3,-77
3,-68
3,-79
3,-71
3,-68
3,-75
3,-65
3,-77
3,-70
3,-76
3,-60
3,-54
3,-79
3,-79
3,-79
3,-78
3,-79
3,-61
3,-72
3,-78
3,-79
3,-78
3,-79
3,-68
3,-79
3,-70
3,-68
3,-75
3,-65
3,-77
3,-70
3,-76
3,-60
3,-55
3,-79
3,-79
3,-79
3,-77
3,-79
3,-61
3,-73
3,-78
3,-79
3,-78
3,-79
3,-68
3,-79
3,-70
3,-69
3,-75
3,-65
3,-77
3,-71
3,-76
3,-60
3,-54
3,-79
3,-79
3,-79
3,-77
3,-79
3,-61
3,-75
3,-78
3,-79
3,-78
3,-79
3,-68
3,-79
3,-70
3,-68
3,-77
3,-65
3,-77
3,-70
3,-76
3,-59
3,-54
3,-79
3,-79
3,-79
3,-77
3,-79
3,-61
3,-75
3,-78
3,-79
3,-78
3,-79
3,-69
3,-79
3,-70
3,-68
3,-77
3,-65
3,-77
3,-69
3,-76
3,-60
3,-54
3,-79
3,-79
3,-79
3,-77
3,-79
3,-62
3,-75
3,-78
3,-79
3,-79
3,-78
3,-79
3,-69
3,-79
3,-70
3,-68
3,-77
3,-64
3,-77
3,-70
3,-76
3,-58
3,-54
3,-79
3,-79
3,-79
3,-77
3,-79
3,-62
3,-75
3,-78
3,-79
3,-79
3,-78
3,-78
3,-69
3,-79
3,-70
3,-68
3,-76
3,-65
3,-77
3,-71
3,-77
3,-58
3,-54
3,-79
3,-79
3,-79
3,-77
3,-79
3,-62
3,-75
3,-78
3,-79
3,-79
3,-78
3,-78
3,-69
3,-79
3,-70
3,-68
3,-76
3,-64
3,-77
3,-70
3,-77
3,-58
3,-54
3,-78
3,-79
3,-79
3,-77
3,-79
3,-79
3,-63
3,-76
3,-78
3,-79
3,-79
3,-78
3,-78
3,-69
3,-79
3,-71
3,-68
3,-79
3,-64
3,-77
3,-71
3,-79
3,-59
3,-53
3,-79
3,-79
3,-79
3,-77
3,-79
3,-79
3,-63
3,-76
3,-78
3,-79
3,-79
3,-79
3,-78
3,-69
3,-79
3,-71
3,-68
3,-79
3,-65
3,-77
3,-70
3,-79
3,-59
3,-53
3,-79
3,-78
3,-79
3,-77
3,-79
3,-79
3,-63
3,-77
3,-78
3,-79
3,-79
3,-79
3,-78
3,-69
3,-79
3,-69
3,-68
3,-79
3,-64
3,-77
3,-71
3,-79
3,-59
3,-53
3,-79
3,-78
3,-79
3,-77
3,-79
3,-79
3,-63
3,-77
3,-78
3,-79
3,-79
3,-79
3,-77
3,-69
3,-79
3,-69
3,-68
3,-79
3,-65
3,-77
3,-70
3,-79
3,-58
3,-53
3,-79
3,-79
3,-79
3,-77
3,-79
3,-79
3,-63
3,-77
3,-78
3,-79
3,-79
3,-79
3,-77
3,-69
3,-79
3,-69
3,-69
3,-79
3,-65
3,-77
3,-69
3,-79
3,-58
3,-53
3,-79
3,-79
3,-79
3,-77
3,-79
3,-79
3,-63
3,-77
3,-77
3,-79
3,-79
3,-79
3,-77
3,-70
3,-79
3,-69
3,-68
3,-79
3,-65
3,-77
3,-70
3,-79
3,-58
3,-53
3,-79
3,-78
3,-79
3,-77
3,-79
3,-79
3,-64
3,-77
3,-78
3,-79
3,-79
3,-79
3,-77
3,-70
3,-79
3,-69
3,-68
3,-79
3,-65
3,-77
3,-69
3,-79
3,-58
3,-53
3,-79
3,-79
3,-79
3,-78
3,-79
3,-79
3,-64
3,-77
3,-78
3,-79
3,-79
3,-79
3,-77
3,-69
3,-79
3,-69
3,-68
3,-79
3,-65
3,-77
3,-69
3,-79
3,-58
3,-52
3,-79
3,-79
3,-79
3,-78
3,-79
3,-79
3,-63
3,-77
3,-77
3,-79
3,-79
3,-79
3,-78
3,-69
3,-79
3,-69
3,-68
3,-79
3,-65
3,-77
3,-71
3,-79
3,-57
3,-52
3,-78
3,-79
3,-79
3,-78
3,-79
3,-79
3,-64
3,-77
3,-78
3,-79
3,-79
3,-79
3,-52
3,-77
3,-69
3,-79
3,-69
3,-68
3,-79
3,-65
3,-77
3,-70
3,-79
3,-58
3,-79
3,-79
3,-79
3,-78
3,-79
3,-79
3,-63
3,-77
3,-78
3,-79
3,-79
3,-79
3,-77
3,-71
3,-79
3,-70
3,-68
3,-79
3,-65
3,-77
3,-70
3,-79
3,-79
3,-58
3,-52
3,-78
3,-79
3,-79
3,-78
3,-79
3,-79
3,-63
3,-79
3,-77
3,-79
3,-79
3,-79
3,-77
3,-71
3,-79
3,-70
3,-69
3,-79
3,-65
3,-77
3,-69
3,-79
3,-79
3,-58
3,-51
3,-78
3,-79
3,-79
3,-78
3,-79
3,-79
3,-63
3,-79
3,-77
3,-79
3,-79
3,-79
3,-78
3,-71
3,-79
3,-70
3,-68
3,-79
3,-65
3,-77
3,-69
3,-79
3,-79
3,-57
3,-51
3,-79
3,-79
3,-79
3,-78
3,-79
3,-79
3,-63
3,-79
3,-78
3,-79
3,-79
3,-79
3,-77
3,-71
3,-79
3,-70
3,-68
3,-79
3,-65
3,-77
3,-68
3,-79
3,-79
3,-58
3,-51
3,-79
3,-79
3,-79
3,-78
3,-79
3,-79
3,-64
3,-79
3,-78
3,-79
3,-79
3,-79
3,-77
3,-71
3,-79
3,-70
3,-68
3,-79
3,-65
3,-77
3,-68
3,-79
3,-79
3,-58
3,-50
3,-78
3,-79
3,-79
3,-78
3,-79
3,-79
3,-64
3,-79
3,-77
3,-79
3,-79
3,-79
3,-78
3,-71
3,-79
3,-69
3,-68
3,-79
3,-65
3,-77
3,-69
3,-79
3,-79
3,-58
3,-50
3,-79
3,-79
3,-79
3,-78
3,-79
3,-79
3,-62
3,-79
3,-77
3,-79
3,-79
3,-79
3,-78
3,-71
3,-79
3,-69
3,-69
3,-79
3,-65
3,-77
3,-69
3,-79
3,-79
3,-79
3,-58
3,-50
3,-78
3,-79
3,-79
3,-78
3,-79
3,-79
3,-62
3,-79
3,-78
3,-79
3,-79
3,-79
3,-77
3,-71
3,-79
3,-69
3,-68
3,-79
3,-65
3,-77
3,-69
3,-79
3,-79
3,-79
3,-58
3,-50
3,-78
3,-79
3,-79
3,-78
3,-79
3,-79
3,-62
3,-79
3,-78
3,-79
3,-79
3,-79
3,-77
3,-79
3,-71
3,-79
3,-69
3,-68
3,-78
3,-65
3,-77
3,-69
3,-79
3,-79
3,-79
3,-58
3,-51
3,-79
3,-79
3,-79
3,-78
3,-79
3,-79
3,-61
3,-79
3,-78
3,-79
3,-79
3,-79
3,-77
3,-79
3,-72
3,-79
3,-69
3,-68
3,-78
3,-65
3,-77
3,-68
3,-79
3,-79
3,-79
3,-58
3,-51
3,-79
3,-79
3,-79
3,-78
3,-79
3,-79
3,-63
3,-79
3,-77
3,-79
3,-79
3,-79
3,-78
3,-79
3,-72
3,-79
3,-70
3,-68
3,-78
3,-65
3,-77
3,-68
3,-79
3,-79
3,-79
3,-58
3,-51
3,-77
3,-79
3,-79
3,-78
3,-79
3,-79
3,-61
3,-79
3,-77
3,-79
3,-79
3,-79
3,-78
3,-79
3,-73
3,-79
3,-70
3,-68
3,-76
3,-65
3,-77
3,-69
3,-79
3,-79
3,-79
3,-59
3,-51
3,-79
3,-79
3,-78
3,-79
3,-79
3,-62
3,-79
3,-78
3,-79
3,-79
3,-79
3,-77
3,-79
3,-73
3,-79
3,-70
3,-69
3,-76
3,-64
3,-77
3,-66
3,-79
3,-79
3,-79
3,-59
3,-51
3,-79
3,-79
3,-78
3,-78
3,-79
3,-61
3,-79
3,-77
3,-79
3,-79
3,-79
3,-77
3,-79
3,-70
3,-79
3,-70
3,-69
3,-76
3,-65
3,-77
3,-68
3,-79
3,-79
3,-79
3,-59
3,-49
3,-78
3,-78
3,-78
3,-77
3,-79
3,-60
3,-79
3,-78
3,-79
3,-79
3,-79
3,-77
3,-79
3,-70
3,-78
3,-70
3,-69
3,-76
3,-65
3,-77
3,-69
3,-79
3,-79
3,-79
3,-61
3,-50
3,-79
3,-78
3,-78
3,-77
3,-79
3,-60
3,-79
3,-77
3,-79
3,-79
3,-79
3,-78
3,-79
3,-70
3,-78
3,-71
3,-69
3,-76
3,-65
3,-77
3,-69
3,-79
3,-79
3,-79
3,-61
3,-51
3,-79
3,-78
3,-79
3,-77
3,-79
3,-60
3,-79
3,-78
3,-79
3,-79
3,-79
3,-78
3,-79
3,-72
3,-78
3,-71
3,-69
3,-76
3,-65
3,-77
3,-70
3,-79
3,-79
3,-79
3,-61
3,-51
3,-79
3,-78
3,-79
3,-79
3,-77
3,-79
3,-60
3,-79
3,-78
3,-79
3,-79
3,-79
3,-78
3,-79
3,-72
3,-78
3,-71
3,-68
3,-76
3,-65
3,-77
3,-69
3,-79
3,-79
3,-79
3,-63
3,-52
3,-79
3,-79
3,-79
3,-79
3,-77
3,-79
3,-60
3,-79
3,-77
3,-79
3,-79
3,-79
3,-78
3,-79
3,-72
3,-78
3,-71
3,-68
3,-76
3,-67
3,-77
3,-70
3,-79
3,-79
3,-79
3,-62
3,-53
3,-79
3,-79
3,-79
3,-79
3,-79
3,-79
3,-61
3,-79
3,-78
3,-79
3,-79
3,-79
3,-78
3,-79
3,-72
3,-78
3,-71
3,-69
3,-77
3,-65
3,-77
3,-70
3,-79
3,-79
3,-79
3,-64
3,-51
3,-78
3,-79
3,-79
3,-79
3,-79
3,-79
3,-60
3,-79
3,-77
3,-79
3,-79
3,-79
3,-78
3,-79
3,-72
3,-79
3,-72
3,-69
3,-77
3,-66
3,-77
3,-72
3,-79
3,-79
3,-79
3,-63
3,-51
3,-79
3,-78
3,-79
3,-79
3,-79
3,-79
3,-61
3,-79
3,-78
3,-79
3,-79
3,-79
3,-78
3,-79
3,-72
3,-79
3,-72
3,-69
3,-77
3,-65
3,-77
3,-70
3,-79
3,-79
3,-79
3,-64
3,-51
3,-79
3,-78
3,-79
3,-79
3,-79
3,-79
3,-61
3,-79
3,-77
3,-79
3,-79
3,-77
3,-79
3,-72
3,-79
3,-72
3,-69
3,-74
3,-65
3,-77
3,-70
3,-79
3,-79
3,-79
3,-65
3,-51
3,-79
3,-78
3,-79
3,-79
3,-79
3,-79
3,-60
3,-79
3,-78
3,-79
3,-77
3,-79
3,-72
3,-79
3,-70
3,-68
3,-74
3,-65
3,-77
3,-70
3,-79
3,-79
3,-65
3,-51
3,-79
3,-79
3,-79
3,-79
3,-79
3,-79
3,-60
3,-79
3,-78
3,-79
3,-77
3,-79
3,-72
3,-79
3,-70
3,-68
3,-74
3,-65
3,-77
3,-70
3,-79
3,-79
3,-65
3,-51
3,-79
3,-78
3,-79
3,-79
3,-79
3,-79
3,-60
3,-79
3,-78
3,-79
3,-77
3,-79
3,-71
3,-79
3,-71
3,-69
3,-75
3,-65
3,-79
3,-70
3,-79
3,-79
3,-65
3,-51
3,-79
3,-78
3,-79
3,-79
3,-79
3,-79
3,-60
3,-79
3,-78
3,-79
3,-77
3,-79
3,-72
3,-79
3,-71
3,-69
3,-73
3,-65
3,-79
3,-69
3,-79
3,-79
3,-66
3,-51
3,-79
3,-78
3,-79
3,-79
3,-79
3,-79
3,-60
3,-79
3,-78
3,-79
3,-77
3,-79
3,-72
3,-79
3,-71
3,-69
3,-75
3,-65
3,-79
3,-70
3,-79
3,-79
3,-66
3,-51
3,-79
3,-79
3,-79
3,-79
3,-79
3,-79
3,-60
3,-79
3,-78
3,-79
3,-77
3,-79
3,-72
3,-79
3,-71
3,-69
3,-74
3,-66
3,-79
3,-70
3,-79
3,-79
3,-66
3,-51
3,-78
3,-78
3,-79
3,-79
3,-79
3,-79
3,-60
3,-79
3,-78
3,-79
3,-77
3,-79
3,-70
3,-79
3,-69
3,-69
3,-74
3,-64
3,-79
3,-71
3,-79
3,-79
3,-66
3,-51
3,-78
3,-79
3,-79
3,-79
3,-79
3,-79
3,-60
3,-79
3,-77
3,-79
4,-79
4,-67
4,-74
4,-67
4,-66
4,-74
4,-64
4,-73
4,-73
4,-56
4,-73
4,-79
4,-61
4,-69
4,-79
4,-76
4,-69
4,-69
4,-75
4,-73
4,-54
4,-70
4,-74
4,-49
4,-79
4,-75
4,-68
4,-74
4,-77
4,-69
4,-79
4,-68
4,-76
4,-58
4,-70
4,-79
4,-67
4,-74
4,-67
4,-66
4,-74
4,-64
4,-73
4,-73
4,-55
4,-73
4,-79
4,-61
4,-69
4,-79
4,-76
4,-69
4,-68
4,-75
4,-73
4,-54
4,-71
4,-74
4,-48
4,-79
4,-75
4,-68
4,-74
4,-77
4,-69
4,-79
4,-68
4,-76
4,-58
4,-70
4,-79
4,-67
4,-74
4,-67
4,-66
4,-74
4,-64
4,-73
4,-73
4,-56
4,-73
4,-79
4,-61
4,-69
4,-79
4,-76
4,-69
4,-67
4,-75
4,-73
4,-54
4,-70
4,-74
4,-48
4,-79
4,-75
4,-68
4,-74
4,-75
4,-69
4,-79
4,-68
4,-76
4,-58
4,-70
4,-79
4,-67
4,-74
4,-67
4,-66
4,-74
4,-64
4,-73
4,-73
4,-57
4,-73
4,-79
4,-61
4,-69
4,-79
4,-76
4,-69
4,-68
4,-75
4,-73
4,-54
4,-70
4,-74
4,-49
4,-79
4,-75
4,-69
4,-74
4,-76
4,-69
4,-79
4,-67
4,-74
4,-58
4,-70
4,-79
4,-67
4,-74
4,-67
4,-66
4,-74
4,-64
4,-73
4,-73
4,-57
4,-73
4,-79
4,-61
4,-69
4,-79
4,-76
4,-69
4,-67
4,-75
4,-73
4,-54
4,-69
4,-74
4,-49
4,-79
4,-75
4,-69
4,-74
4,-76
4,-69
4,-79
4,-67
4,-74
4,-58
4,-70
4,-79
4,-67
4,-74
4,-67
4,-66
4,-74
4,-64
4,-73
4,-73
4,-57
4,-73
4,-79
4,-61
4,-69
4,-79
4,-76
4,-69
4,-68
4,-75
4,-73
4,-54
4,-69
4,-74
4,-48
4,-79
4,-75
4,-69
4,-74
4,-77
4,-69
4,-79
4,-67
4,-74
4,-58
4,-70
4,-79
4,-67
4,-74
4,-67
4,-66
4,-74
4,-64
4,-73
4,-73
4,-57
4,-73
4,-79
4,-61
4,-69
4,-79
4,-78
4,-69
4,-69
4,-75
4,-73
4,-54
4,-68
4,-74
4,-49
4,-79
4,-75
4,-69
4,-74
4,-79
4,-69
4,-79
4,-69
4,-74
4,-58
4,-70
4,-79
4,-67
4,-74
4,-67
4,-66
4,-64
4,-73
4,-59
4,-79
4,-61
4,-69
4,-78
4,-69
4,-69
4,-75
4,-73
4,-73
4,-54
4,-68
4,-74
4,-49
4,-79
4,-75
4,-69
4,-74
4,-78
4,-69
4,-79
4,-69
4,-74
4,-58
4,-70
4,-79
4,-74
4,-67
4,-66
4,-64
4,-73
4,-59
4,-69
4,-78
4,-69
4,-68
4,-75
4,-73
4,-54
4,-72
4,-74
4,-47
4,-75
4,-69
4,-74
4,-76
4,-69
4,-79
4,-69
4,-74
4,-58
4,-70
4,-79
4,-74
4,-67
4,-66
4,-64
4,-73
4,-60
4,-69
4,-78
4,-69
4,-68
4,-75
4,-73
4,-55
4,-71
4,-74
4,-46
4,-75
4,-67
4,-74
4,-77
4,-69
4,-79
4,-69
4,-74
4,-58
4,-70
4,-79
4,-73
4,-58
4,-69
4,-78
4,-69
4,-69
4,-75
4,-73
4,-55
4,-70
4,-74
4,-47
4,-75
4,-67
4,-74
4,-79
4,-79
4,-69
4,-74
4,-79
4,-73
4,-58
4,-77
4,-70
4,-69
4,-77
4,-73
4,-55
4,-70
4,-48
4,-75
4,-68
4,-74
4,-79
4,-79
4,-72
4,-74
4,-79
4,-58
4,-77
4,-70
4,-70
4,-77
4,-73
4,-57
4,-69
4,-47
4,-75
4,-68
4,-79
4,-79
4,-71
4,-74
4,-79
4,-58
4,-77
4,-70
4,-71
4,-77
4,-73
4,-56
4,-69
4,-48
4,-75
4,-68
4,-78
4,-79
4,-71
4,-74
4,-76
4,-79
4,-58
4,-77
4,-70
4,-70
4,-77
4,-73
4,-55
4,-68
4,-49
4,-77
4,-66
4,-76
4,-79
4,-70
4,-74
4,-76
4,-79
4,-58
4,-77
4,-69
4,-71
4,-77
4,-73
4,-56
4,-69
4,-47
4,-77
4,-67
4,-78
4,-79
4,-71
4,-75
4,-76
4,-79
4,-58
4,-77
4,-70
4,-71
4,-77
4,-73
4,-56
4,-69
4,-47
4,-77
4,-69
4,-79
4,-79
4,-71
4,-75
4,-76
4,-79
4,-58
4,-77
4,-70
4,-71
4,-77
4,-73
4,-55
4,-70
4,-46
4,-77
4,-69
4,-79
4,-79
4,-71
4,-75
4,-76
4,-79
4,-57
4,-77
4,-70
4,-68
4,-77
4,-73
4,-54
4,-69
4,-43
4,-77
4,-69
4,-78
4,-79
4,-72
4,-75
4,-76
4,-79
4,-58
4,-78
4,-70
4,-68
4,-77
4,-73
4,-54
4,-69
4,-44
4,-77
4,-69
4,-78
4,-79
4,-72
4,-75
4,-76
4,-79
4,-57
4,-78
4,-70
4,-68
4,-77
4,-73
4,-54
4,-71
4,-44
4,-77
4,-69
4,-74
4,-79
4,-70
4,-75
4,-76
4,-79
4,-57
4,-78
4,-70
4,-68
4,-77
4,-73
4,-53
4,-72
4,-44
4,-77
4,-69
4,-76
4,-79
4,-70
4,-75
4,-76
4,-79
4,-58
4,-78
4,-68
4,-68
4,-77
4,-73
4,-54
4,-71
4,-44
4,-77
4,-69
4,-79
4,-79
4,-72
4,-75
4,-76
4,-79
4,-58
4,-78
4,-68
4,-68
4,-77
4,-73
4,-54
4,-70
4,-43
4,-76
4,-69
4,-76
4,-79
4,-72
4,-75
4,-76
4,-79
4,-57
4,-79
4,-68
4,-68
4,-77
4,-73
4,-53
4,-70
4,-44
4,-76
4,-69
4,-75
4,-79
4,-72
4,-75
4,-76
4,-79
4,-58
4,-79
4,-68
4,-68
4,-77
4,-73
4,-53
4,-71
4,-44
4,-76
4,-68
4,-77
4,-79
4,-72
4,-75
4,-76
4,-79
4,-57
4,-79
4,-68
4,-68
4,-77
4,-73
4,-54
4,-71
4,-44
4,-75
4,-68
4,-76
4,-79
4,-72
4,-75
4,-76
4,-79
4,-57
4,-79
4,-68
4,-68
4,-77
4,-73
4,-54
4,-73
4,-44
4,-75
4,-68
4,-74
4,-79
4,-72
4,-73
4,-76
4,-79
4,-56
4,-79
4,-68
4,-68
4,-77
4,-73
4,-54
4,-73
4,-44
4,-74
4,-68
4,-75
4,-79
4,-72
4,-73
4,-76
4,-79
4,-56
4,-78
4,-68
4,-67
4,-77
4,-73
4,-54
4,-72
4,-44
4,-74
4,-68
4,-75
4,-79
4,-72
4,-73
4,-76
4,-79
4,-56
4,-79
4,-68
4,-67
4,-77
4,-73
4,-54
4,-72
4,-44
4,-74
4,-68
4,-74
4,-79
4,-72
4,-73
4,-76
4,-79
4,-57
4,-79
4,-79
4,-68
4,-67
4,-77
4,-73
4,-54
4,-72
4,-46
4,-75
4,-68
4,-76
4,-79
4,-73
4,-73
4,-76
4,-79
4,-57
4,-79
4,-79
4,-68
4,-68
4,-77
4,-73
4,-54
4,-72
4,-45
4,-75
4,-68
4,-75
4,-79
4,-73
4,-73
4,-76
4,-79
4,-58
4,-79
4,-79
4,-68
4,-67
4,-77
4,-73
4,-53
4,-72
4,-45
4,-75
4,-67
4,-74
4,-79
4,-73
4,-73
4,-76
4,-79
4,-56
4,-79
4,-79
4,-79
4,-68
4,-68
4,-73
4,-53
4,-73
4,-47
4,-75
4,-67
4,-74
4,-79
4,-73
4,-73
4,-76
4,-79
4,-56
4,-79
4,-79
4,-79
4,-68
4,-68
4,-73
4,-54
4,-73
4,-46
4,-75
4,-66
4,-74
4,-79
4,-73
4,-73
4,-76
4,-79
4,-56
4,-79
4,-79
4,-79
4,-68
4,-68
4,-73
4,-54
4,-72
4,-47
4,-71
4,-66
4,-75
4,-79
4,-73
4,-73
4,-76
4,-79
4,-56
4,-79
4,-79
4,-79
4,-79
4,-68
4,-68
4,-73
4,-54
4,-72
4,-47
4,-70
4,-68
4,-74
4,-79
4,-73
4,-73
4,-76
4,-79
4,-55
4,-79
4,-78
4,-79
4,-79
4,-68
4,-67
4,-73
4,-54
4,-73
4,-47
4,-70
4,-68
4,-75
4,-79
4,-73
4,-73
4,-76
4,-79
4,-55
4,-79
4,-78
4,-79
4,-79
4,-68
4,-68
4,-73
4,-54
4,-73
4,-48
4,-70
4,-68
4,-75
4,-79
4,-73
4,-73
4,-76
4,-79
4,-55
4,-79
4,-78
4,-79
4,-79
4,-68
4,-68
4,-73
4,-54
4,-73
4,-48
4,-70
4,-68
4,-74
4,-79
4,-73
4,-73
4,-76
4,-79
4,-54
4,-79
4,-79
4,-79
4,-79
4,-68
4,-69
4,-73
4,-54
4,-73
4,-48
4,-70
4,-68
4,-75
4,-79
4,-73
4,-73
4,-76
4,-79
4,-55
4,-79
4,-79
4,-79
4,-79
4,-68
4,-68
4,-73
4,-54
4,-73
4,-49
4,-70
4,-68
4,-76
4,-79
4,-73
4,-73
4,-76
4,-79
4,-55
4,-79
4,-79
4,-79
4,-79
4,-68
4,-67
4,-73
4,-54
4,-73
4,-49
4,-70
4,-68
4,-75
4,-79
4,-73
4,-73
4,-76
4,-79
4,-54
4,-79
4,-78
4,-79
4,-79
4,-68
4,-67
4,-54
4,-73
4,-50
4,-68
4,-67
4,-75
4,-79
4,-73
4,-73
4,-76
4,-79
4,-54
4,-79
4,-78
4,-79
4,-79
4,-69
4,-68
4,-54
4,-73
4,-49
4,-68
4,-67
4,-76
4,-79
4,-71
4,-74
4,-76
4,-79
4,-54
4,-79
4,-78
4,-79
4,-79
4,-69
4,-68
4,-54
4,-72
4,-50
4,-68
4,-67
4,-76
4,-79
4,-71
4,-74
4,-76
4,-79
4,-53
4,-79
4,-78
4,-79
4,-79
4,-69
4,-68
4,-54
4,-72
4,-50
4,-67
4,-67
4,-77
4,-79
4,-71
4,-74
4,-76
4,-79
4,-53
4,-79
4,-77
4,-79
4,-79
4,-69
4,-68
4,-54
4,-73
4,-50
4,-67
4,-67
4,-76
4,-79
4,-71
4,-74
4,-78
4,-79
4,-53
4,-79
4,-78
4,-78
4,-79
4,-68
4,-68
4,-75
4,-54
4,-72
4,-50
4,-67
4,-67
4,-75
4,-79
4,-71
4,-74
4,-78
4,-79
4,-53
4,-79
4,-78
4,-78
4,-79
4,-67
4,-68
4,-75
4,-54
4,-71
4,-50
4,-67
4,-67
4,-76
4,-79
4,-71
4,-74
4,-78
4,-79
4,-53
4,-79
4,-77
4,-78
4,-79
4,-67
4,-68
4,-75
4,-54
4,-71
4,-49
4,-67
4,-67
4,-75
4,-79
4,-71
4,-74
4,-78
4,-79
4,-53
4,-79
4,-77
4,-78
4,-79
4,-67
4,-67
4,-75
4,-54
4,-71
4,-49
4,-67
4,-67
4,-75
4,-79
4,-71
4,-74
4,-78
4,-79
4,-53
4,-79
4,-77
4,-77
4,-79
4,-67
4,-68
4,-75
4,-53
4,-71
4,-49
4,-67
4,-66
4,-75
4,-79
4,-71
4,-73
4,-78
4,-79
4,-53
4,-79
4,-77
4,-77
4,-79
4,-68
4,-68
4,-75
4,-54
4,-71
4,-49
4,-67
4,-66
4,-74
4,-79
4,-72
4,-73
4,-78
4,-79
4,-53
4,-79
4,-77
4,-77
4,-79
4,-68
4,-67
4,-75
4,-53
4,-71
4,-49
4,-67
4,-64
4,-72
4,-79
4,-70
4,-73
4,-78
4,-79
4,-53
4,-79
4,-77
4,-78
4,-79
4,-68
4,-68
4,-75
4,-54
4,-71
4,-48
4,-67
4,-64
4,-75
4,-79
4,-70
4,-74
4,-78
4,-79
4,-53
4,-79
4,-74
4,-78
4,-79
4,-68
4,-68
4,-75
4,-54
4,-70
4,-49
4,-67
4,-66
4,-74
4,-79
4,-71
4,-72
4,-78
4,-79
4,-53
4,-79
4,-75
4,-77
4,-79
4,-69
4,-68
4,-75
4,-54
4,-69
4,-49
4,-67
4,-66
4,-74
4,-79
4,-71
4,-72
4,-78
4,-79
4,-53
4,-79
4,-75
4,-77
4,-79
4,-68
4,-68
4,-75
4,-53
4,-69
4,-48
4,-68
4,-64
4,-76
4,-79
4,-70
4,-72
4,-78
4,-79
4,-53
4,-79
4,-75
4,-77
4,-79
4,-67
4,-67
4,-75
4,-53
4,-69
4,-48
4,-68
4,-64
4,-76
4,-70
4,-72
4,-78
4,-79
4,-54
4,-79
4,-78
4,-78
4,-79
4,-67
4,-67
4,-75
4,-54
4,-69
4,-49
4,-70
4,-65
4,-74
4,-71
4,-72
4,-78
4,-79
4,-54
4,-79
4,-78
4,-77
4,-79
4,-67
4,-68
4,-76
4,-53
4,-70
4,-49
4,-70
4,-63
4,-75
4,-70
4,-72
4,-78
4,-79
4,-54
4,-79
4,-78
4,-77
4,-79
4,-67
4,-67
4,-76
4,-53
4,-70
4,-48
4,-70
4,-63
4,-76
4,-70
4,-72
4,-78
4,-79
4,-54
4,-79
4,-55
4,-74
4,-78
4,-79
4,-67
4,-69
4,-76
4,-70
4,-49
4,-71
4,-63
4,-76
4,-69
4,-72
4,-78
4,-79
4,-55
4,-79
4,-54
4,-76
4,-78
4,-79
4,-67
4,-68
4,-76
4,-70
4,-49
4,-71
4,-63
4,-75
4,-69
4,-72
4,-78
4,-79
4,-55
4,-79
4,-54
4,-76
4,-78
4,-79
4,-67
4,-68
4,-76
4,-70
4,-48
4,-71
4,-63
4,-76
4,-69
4,-72
4,-78
4,-79
4,-55
4,-79
4,-55
4,-76
4,-78
4,-79
4,-67
4,-68
4,-76
4,-71
4,-48
4,-71
4,-63
4,-76
4,-69
4,-72
4,-78
4,-79
4,-56
4,-79
4,-54
4,-76
4,-78
4,-79
4,-67
4,-68
4,-76
4,-71
4,-48
4,-71
4,-63
4,-76
4,-69
4,-72
4,-78
4,-79
4,-56
4,-79
4,-54
4,-76
4,-78
4,-79
4,-67
4,-68
4,-76
4,-71
4,-47
4,-71
4,-63
4,-74
4,-70
4,-72
4,-78
4,-79
4,-55
4,-79
4,-54
4,-76
4,-76
4,-79
4,-67
4,-68
4,-76
4,-71
4,-48
4,-71
4,-63
4,-75
4,-70
4,-72
4,-78
4,-79
4,-56
4,-79
4,-54
4,-76
4,-76
4,-79
4,-67
4,-67
4,-76
4,-71
4,-47
4,-71
4,-63
4,-77
4,-68
4,-74
4,-78
4,-79
4,-56
4,-79
4,-53
4,-76
4,-76
4,-79
4,-67
4,-68
4,-76
4,-70
4,-47
4,-73
4,-63
4,-76
4,-68
4,-74
4,-78
4,-79
4,-57
4,-79
4,-54
4,-76
4,-77
4,-79
4,-67
4,-68
4,-76
4,-70
4,-47
4,-73
4,-63
4,-76
4,-69
4,-74
4,-78
4,-79
4,-57
4,-79
4,-53
4,-76
4,-77
4,-79
4,-69
4,-68
4,-76
4,-71
4,-46
4,-73
4,-62
4,-76
4,-69
4,-74
4,-78
4,-79
4,-57
4,-79
4,-54
4,-76
4,-76
4,-79
4,-69
4,-68
4,-76
4,-71
4,-46
4,-73
4,-62
4,-76
4,-69
4,-74
4,-78
4,-79
4,-58
4,-79
4,-53
4,-76
4,-76
4,-79
4,-69
4,-68
4,-76
4,-70
4,-46
4,-73
4,-61
4,-74
4,-69
4,-74
4,-78
4,-79
4,-58
4,-79
4,-54
4,-76
4,-74
4,-79
4,-69
4,-68
4,-76
4,-70
4,-44
4,-73
4,-61
4,-77
4,-69
4,-74
4,-78
4,-79
4,-57
4,-79
4,-54
4,-76
4,-74
4,-79
4,-69
4,-67
4,-79
4,-76
4,-70
4,-45
4,-73
4,-61
4,-75
4,-68
4,-74
4,-78
4,-79
4,-58
4,-79
4,-53
4,-76
4,-74
4,-79
4,-69
4,-68
4,-79
4,-76
4,-69
4,-45
4,-73
4,-60
4,-74
4,-69
4,-74
4,-79
4,-58
4,-79
4,-54
4,-76
4,-73
4,-79
4,-69
4,-68
4,-79
4,-76
4,-71
4,-44
4,-74
4,-60
4,-76
4,-69
4,-74
4,-79
4,-58
4,-79
4,-54
4,-76
4,-73
4,-79
4,-69
4,-68
4,-79
4,-76
4,-71
4,-44
4,-74
4,-60
4,-75
4,-69
4,-74
4,-76
4,-79
4,-58
4,-79
4,-53
4,-76
4,-73
4,-79
4,-69
4,-68
4,-79
4,-76
4,-71
4,-43
4,-74
4,-60
4,-76
4,-69
4,-74
4,-76
4,-79
4,-59
4,-79
4,-54
4,-76
4,-73
4,-79
4,-69
4,-68
4,-79
4,-76
4,-70
4,-45
4,-74
4,-60
4,-77
4,-69
4,-74
4,-76
4,-79
4,-58
4,-79
4,-54
4,-76
4,-73
4,-79
4,-68
4,-68
4,-79
4,-76
4,-71
4,-44
4,-74
4,-60
4,-76
4,-69
4,-74
4,-76
4,-79
4,-79
4,-58
4,-79
4,-54
4,-76
4,-73
4,-79
4,-68
4,-68
4,-79
4,-73
4,-70
4,-42
4,-74
4,-60
4,-75
4,-68
4,-74
4,-76
4,-79
4,-79
4,-57
4,-79
4,-54
4,-76
4,-73
4,-79
4,-68
4,-68
4,-79
4,-73
4,-70
4,-42
4,-74
4,-60
4,-75
4,-69
4,-73
4,-76
4,-79
4,-79
4,-58
4,-79
4,-54
4,-76
4,-70
4,-79
4,-68
4,-68
4,-76
4,-73
4,-70
4,-42
4,-74
4,-59
4,-75
4,-70
4,-73
4,-76
4,-79
4,-79
4,-57
4,-79
4,-55
4,-71
4,-79
4,-68
4,-69
4,-77
4,-73
4,-70
4,-42
4,-75
4,-59
4,-75
4,-70
4,-73
4,-76
4,-79
4,-79
4,-58
4,-77
4,-54
4,-72
4,-79
4,-68
4,-68
4,-77
4,-73
4,-71
4,-42
4,-75
4,-59
4,-76
4,-70
4,-73
4,-76
4,-79
4,-79
4,-58
4,-79
4,-54
4,-79
4,-72
4,-79
4,-68
4,-68
4,-77
4,-73
4,-71
4,-42
4,-75
4,-59
4,-77
4,-70
4,-73
4,-76
4,-79
4,-79
4,-58
4,-79
4,-55
4,-79
4,-71
4,-79
4,-68
4,-68
4,-77
4,-73
4,-72
4,-41
4,-74
4,-59
4,-76
4,-72
4,-73
4,-76
4,-79
4,-79
4,-58
4,-79
4,-54
4,-79
4,-72
4,-79
4,-68
4,-69
4,-77
4,-73
4,-72
4,-42
4,-74
4,-58
4,-75
4,-72
4,-73
4,-76
4,-79
4,-79
4,-58
4,-79
4,-54
4,-79
4,-72
4,-79
4,-68
4,-67
4,-77
4,-73
4,-72
4,-42
4,-75
4,-58
4,-75
4,-72
4,-73
4,-76
4,-79
4,-79
4,-58
4,-79
4,-54
4,-79
4,-72
4,-79
4,-68
4,-67
4,-77
4,-73
4,-71
4,-42
4,-77
4,-58
4,-74
4,-72
4,-73
4,-76
4,-79
4,-79
4,-59
4,-79
4,-54
4,-79
4,-72
4,-79
4,-68
4,-68
4,-77
4,-73
4,-71
4,-42
4,-77
4,-58
4,-78
4,-72
4,-73
4,-76
4,-79
4,-79
4,-58
4,-79
4,-54
4,-79
4,-72
4,-79
4,-68
4,-68
4,-77
4,-73
4,-72
4,-41
4,-77
4,-59
4,-75
4,-72
4,-73
4,-76
4,-79
4,-79
4,-58
4,-79
4,-54
4,-79
4,-72
4,-79
4,-68
4,-68
4,-77
4,-74
4,-72
4,-41
4,-76
4,-60
4,-75
4,-72
4,-73
4,-76
4,-79
4,-79
4,-57
4,-79
4,-54
4,-79
4,-72
4,-79
4,-68
4,-79
4,-67
4,-79
4,-74
4,-72
4,-41
4,-78
4,-60
4,-76
4,-72
4,-73
4,-76
4,-79
4,-79
4,-57
4,-78
4,-79
4,-72
4,-79
4,-68
4,-76
4,-79
4,-68
4,-79
4,-73
4,-54
4,-71
4,-42
4,-78
4,-60
4,-75
4,-72
4,-73
4,-76
4,-79
4,-79
4,-57
4,-79
4,-79
4,-73
4,-79
4,-68
4,-77
4,-79
4,-67
4,-79
4,-73
4,-54
4,-72
4,-42
4,-78
4,-60
4,-76
4,-73
4,-73
4,-76
4,-79
4,-79
4,-57
4,-78
4,-79
4,-75
4,-79
4,-68
4,-77
4,-79
4,-67
4,-79
4,-73
4,-54
4,-72
4,-42
4,-78
4,-60
4,-76
4,-73
4,-73
4,-76
4,-79
4,-79
4,-56
4,-79
4,-79
4,-75
4,-79
4,-68
4,-77
4,-79
4,-68
4,-79
4,-73
4,-54
4,-72
4,-43
4,-78
4,-62
4,-76
4,-73
4,-73
4,-76
4,-79
4,-79
4,-57
4,-79
4,-79
4,-73
4,-79
4,-68
4,-77
4,-79
4,-67
4,-79
4,-73
4,-53
4,-72
4,-43
4,-78
4,-62
4,-75
4,-72
4,-75
4,-76
4,-79
4,-79
4,-57
4,-78
4,-79
4,-73
4,-79
4,-68
4,-77
4,-79
4,-69
4,-79
4,-73
4,-54
4,-71
4,-43
4,-78
4,-62
4,-75
4,-72
4,-75
4,-79
4,-79
4,-57
4,-79
4,-79
4,-74
4,-79
4,-68
4,-77
4,-79
4,-68
4,-79
4,-73
4,-53
4,-71
4,-42
4,-78
4,-64
4,-74
4,-72
4,-75
4,-79
4,-79
4,-56
4,-79
4,-79
4,-73
4,-79
4,-68
4,-77
4,-79
4,-70
4,-79
4,-73
4,-54
4,-71
4,-43
4,-78
4,-63
4,-73
4,-72
4,-72
4,-79
4,-79
4,-57
4,-79
4,-79
4,-74
4,-79
4,-68
4,-77
4,-79
4,-67
4,-79
4,-73
4,-53
4,-71
4,-44
4,-76
4,-64
4,-76
4,-71
4,-72
4,-79
4,-79
4,-56
4,-79
4,-79
4,-74
4,-79
4,-68
4,-77
4,-79
4,-68
4,-79
4,-73
4,-53
4,-71
4,-44
4,-76
4,-64
4,-73
4,-72
4,-72
4,-79
4,-79
4,-55
4,-79
4,-79
4,-74
4,-79
4,-68
4,-77
4,-79
4,-68
4,-79
4,-73
4,-53
4,-71
4,-45
4,-76
4,-65
4,-76
4,-72
4,-72
4,-79
4,-79
4,-56
4,-79
4,-79
4,-73
4,-79
4,-68
4,-77
4,-79
4,-69
4,-79
4,-73
4,-54
4,-71
4,-44
4,-77
4,-64
4,-77
4,-72
4,-72
4,-79
4,-79
4,-55
4,-79
4,-79
4,-73
4,-79
4,-68
4,-77
4,-79
4,-69
4,-79
4,-73
4,-54
4,-69
4,-44
4,-76
4,-64
4,-76
4,-72
4,-72
4,-79
4,-79
4,-55
4,-79
4,-79
4,-74
4,-79
4,-69
4,-77
4,-79
4,-68
4,-79
4,-73
4,-53
4,-69
4,-44
4,-76
4,-64
4,-74
4,-72
4,-72
4,-79
4,-79
4,-55
4,-79
4,-79
4,-74
4,-79
4,-69
4,-77
4,-79
4,-68
4,-79
4,-73
4,-53
4,-69
4,-46
4,-76
4,-64
4,-74
4,-72
4,-72
4,-79
4,-79
4,-54
4,-79
4,-79
4,-74
4,-79
4,-69
4,-77
4,-79
4,-68
4,-79
4,-73
4,-53
4,-70
4,-46
4,-76
4,-64
4,-75
4,-72
4,-72
4,-79
4,-79
4,-54
4,-79
4,-79
4,-73
4,-79
4,-69
4,-77
4,-79
4,-68
4,-79
4,-73
4,-53
4,-71
4,-47
4,-76
4,-64
4,-75
4,-72
4,-72
4,-79
4,-79
4,-54
4,-79
4,-79
4,-73
4,-79
4,-69
4,-77
4,-79
4,-68
4,-79
4,-73
4,-53
4,-70
4,-47
4,-76
4,-68
4,-75
4,-72
4,-72
4,-79
4,-79
4,-53
4,-79
4,-79
4,-73
4,-79
4,-69
4,-77
4,-79
4,-68
4,-79
4,-73
4,-53
4,-69
4,-46
4,-76
4,-67
4,-74
4,-72
4,-72
4,-79
4,-79
4,-53
4,-79
4,-79
4,-73
4,-79
4,-70
4,-78
4,-77
4,-79
4,-68
4,-79
4,-76
4,-53
4,-70
4,-47
4,-75
4,-68
4,-74
4,-72
4,-72
4,-79
4,-79
4,-52
4,-79
4,-79
4,-72
4,-79
4,-70
4,-78
4,-77
4,-79
4,-68
4,-79
4,-76
4,-53
4,-70
4,-47
4,-74
4,-68
4,-75
4,-73
4,-72
4,-79
4,-79
4,-53
4,-79
4,-79
4,-72
4,-79
4,-68
4,-78
4,-77
4,-79
4,-69
4,-79
4,-76
4,-53
4,-69
4,-48
4,-74
4,-68
4,-75
4,-73
4,-72
4,-79
4,-79
4,-54
4,-79
4,-79
4,-74
4,-79
4,-68
4,-78
4,-77
4,-79
4,-68
4,-76
4,-53
4,-70
4,-47
4,-73
4,-68
4,-76
4,-73
4,-72
4,-79
4,-79
4,-54
4,-79
4,-79
4,-73
4,-79
4,-68
4,-78
4,-77
4,-79
4,-67
4,-76
4,-53
4,-70
4,-48
4,-73
4,-68
4,-76
4,-73
4,-72
4,-79
4,-79
4,-54
4,-79
4,-79
4,-72
4,-79
4,-68
4,-78
4,-79
4,-68
4,-76
4,-53
4,-70
4,-48
4,-73
4,-68
4,-74
4,-73
4,-72
4,-79
4,-79
4,-53
4,-79
4,-76
4,-73
4,-79
4,-68
4,-78
4,-79
4,-68
4,-76
4,-54
4,-70
4,-48
4,-73
4,-69
4,-76
4,-74
4,-72
4,-79
4,-79
4,-52
4,-79
4,-75
4,-74
4,-79
4,-68
4,-78
4,-79
4,-67
4,-76
4,-53
4,-69
4,-48
4,-73
4,-70
4,-76
4,-74
4,-72
4,-79
4,-79
4,-53
4,-79
4,-75
4,-74
4,-79
4,-68
4,-78
4,-79
4,-68
4,-76
4,-53
4,-71
4,-48
4,-73
4,-70
4,-75
4,-74
4,-72
4,-79
4,-79
4,-54
4,-79
4,-75
4,-74
4,-79
4,-68
4,-78
4,-79
4,-68
4,-76
4,-53
4,-70
4,-48
4,-73
4,-70
4,-75
4,-71
4,-72
4,-79
4,-79
4,-53
4,-79
4,-77
4,-75
4,-79
4,-67
4,-78
4,-79
4,-68
4,-76
4,-53
4,-71
4,-48
4,-73
4,-70
4,-75
4,-73
4,-72
4,-79
4,-79
4,-53
4,-79
4,-77
4,-74
4,-79
4,-67
4,-78
4,-68
4,-76
4,-53
4,-70
4,-49
4,-73
4,-69
4,-75
4,-73
4,-77
4,-79
4,-79
4,-54
4,-79
4,-77
4,-75
4,-79
4,-67
4,-78
4,-67
4,-76
4,-54
4,-71
4,-48
4,-73
4,-68
4,-74
4,-74
4,-77
4,-79
4,-79
4,-53
4,-79
4,-77
4,-74
4,-79
4,-68
4,-78
4,-69
4,-76
4,-54
4,-71
4,-47
4,-73
4,-69
4,-75
4,-74
4,-77
4,-79
4,-79
4,-54
4,-79
4,-76
4,-74
4,-79
4,-68
4,-78
4,-68
4,-76
4,-53
4,-71
4,-49
4,-73
4,-69
4,-74
4,-72
4,-77
4,-79
4,-79
4,-55
4,-79
4,-76
4,-78
4,-79
4,-68
4,-78
4,-68
4,-76
4,-53
4,-71
4,-49
4,-73
4,-69
4,-74
4,-72
4,-77
4,-79
4,-79
4,-54
4,-79
4,-77
4,-78
4,-79
4,-68
4,-78
4,-68
4,-76
4,-53
4,-71
4,-50
4,-72
4,-69
4,-75
4,-71
4,-77
4,-79
4,-79
4,-55
4,-79
4,-77
4,-78
4,-79
4,-68
4,-78
4,-68
4,-76
4,-54
4,-72
4,-49
4,-72
4,-69
4,-76
4,-71
4,-79
4,-79
4,-79
4,-55
4,-79
4,-78
4,-78
4,-79
4,-68
4,-78
4,-67
4,-76
4,-54
4,-71
4,-49
4,-72
4,-69
4,-78
4,-71
4,-79
4,-79
4,-79
4,-56
4,-79
4,-78
4,-79
4,-79
4,-68
4,-78
4,-67
4,-76
4,-53
4,-71
4,-50
4,-72
4,-69
4,-75
4,-70
4,-79
4,-79
4,-79
4,-55
4,-79
4,-78
4,-79
4,-79
4,-68
4,-78
4,-67
4,-76
4,-53
4,-72
4,-50
4,-72
4,-69
4,-76
4,-70
4,-79
4,-79
4,-79
4,-56
4,-79
4,-78
4,-79
4,-79
4,-68
4,-78
4,-68
4,-76
4,-54
4,-71
4,-50
4,-72
4,-67
4,-76
4,-70
4,-75
4,-79
4,-79
4,-56
4,-79
4,-78
4,-79
4,-79
4,-68
4,-78
4,-68
4,-76
4,-54
4,-71
4,-50
4,-72
4,-67
4,-76
4,-70
4,-75
4,-79
4,-79
4,-56
4,-79
4,-78
4,-79
4,-79
4,-68
4,-78
4,-68
4,-76
4,-54
4,-71
4,-50
4,-72
4,-67
4,-75
4,-69
4,-73
4,-79
4,-79
4,-56
4,-79
4,-78
4,-79
4,-79
4,-68
4,-78
4,-67
4,-76
4,-53
4,-70
4,-49
4,-72
4,-67
4,-74
4,-70
4,-73
4,-79
4,-79
4,-56
4,-79
4,-78
4,-79
4,-79
4,-68
4,-78
4,-67
4,-76
4,-54
4,-69
4,-50
4,-72
4,-67
4,-74
4,-67
4,-73
4,-79
4,-79
4,-57
4,-79
4,-78
4,-79
4,-79
4,-67
4,-77
4,-67
4,-76
4,-54
4,-71
4,-50
4,-72
4,-68
4,-75
4,-69
4,-73
4,-79
4,-79
4,-59
4,-79
4,-78
4,-79
4,-79
4,-67
4,-77
4,-68
4,-76
4,-53
4,-69
4,-49
4,-72
4,-68
4,-76
4,-70
4,-73
4,-79
4,-79
4,-58
4,-79
4,-78
4,-79
4,-79
4,-67
4,-77
4,-68
4,-54
4,-70
4,-47
4,-72
4,-66
4,-77
4,-70
4,-73
4,-79
4,-79
4,-58
4,-79
4,-78
4,-79
4,-79
4,-67
4,-77
4,-67
4,-54
4,-71
4,-48
4,-71
4,-66
4,-74
4,-69
4,-73
4,-79
4,-79
4,-79
4,-57
4,-79
4,-78
4,-79
4,-79
4,-67
4,-77
4,-68
4,-54
4,-71
4,-47
4,-71
4,-66
4,-74
4,-69
4,-73
4,-79
4,-79
4,-79
4,-57
4,-79
4,-78
4,-79
4,-79
4,-67
4,-77
4,-68
4,-53
4,-71
4,-48
4,-71
4,-64
4,-76
4,-70
4,-73
4,-79
4,-79
4,-79
4,-57
4,-79
4,-78
4,-79
4,-79
4,-67
4,-70
4,-67
4,-54
4,-71
4,-47
4,-71
4,-64
4,-76
4,-70
4,-72
4,-79
4,-79
4,-79
4,-58
4,-79
4,-78
4,-79
4,-79
4,-67
4,-70
4,-68
4,-54
4,-72
4,-47
4,-70
4,-64
4,-76
4,-71
4,-71
4,-79
4,-79
4,-79
4,-58
4,-79
4,-78
4,-79
4,-79
4,-67
4,-70
4,-67
4,-54
4,-71
4,-48
4,-70
4,-64
4,-77
4,-71
4,-71
4,-79
4,-79
4,-79
4,-58
4,-79
4,-78
4,-79
4,-79
4,-67
4,-67
4,-67
4,-54
4,-71
4,-46
4,-70
4,-62
4,-76
4,-70
4,-69
4,-79
4,-79
4,-79
4,-58
4,-79
4,-78
4,-79
4,-79
4,-68
4,-67
4,-67
4,-72
4,-54
4,-72
4,-47
4,-71
4,-63
4,-77
4,-70
4,-69
4,-79
4,-79
4,-79
4,-58
4,-79
4,-78
4,-79
4,-79
4,-67
4,-67
4,-68
4,-72
4,-54
4,-72
4,-46
4,-71
4,-63
4,-76
4,-71
4,-68
4,-79
4,-79
4,-79
4,-57
4,-79
4,-78
4,-79
4,-79
4,-67
4,-67
4,-67
4,-72
4,-54
4,-72
4,-46
4,-70
4,-61
4,-78
4,-71
4,-68
4,-79
4,-79
4,-79
4,-57
4,-79
4,-78
4,-79
4,-79
4,-67
4,-67
4,-68
4,-72
4,-54
4,-75
4,-46
4,-70
4,-60
4,-76
4,-70
4,-68
4,-79
4,-79
4,-79
4,-57
4,-79
4,-78
4,-79
4,-79
4,-67
4,-67
4,-68
4,-72
4,-54
4,-75
4,-45
4,-70
4,-61
4,-79
4,-70
4,-68
4,-79
4,-79
4,-79
4,-57
4,-79
4,-79
4,-79
4,-67
4,-67
4,-68
4,-72
4,-54
4,-73
4,-45
4,-70
4,-61
4,-75
4,-70
4,-68
4,-79
4,-79
4,-79
4,-57
4,-79
4,-79
4,-79
4,-67
4,-67
4,-69
4,-72
4,-54
4,-73
4,-44
4,-70
4,-61
4,-76
4,-71
4,-68
4,-79
4,-79
4,-79
4,-57
4,-79
4,-79
4,-79
4,-67
4,-67
4,-67
4,-72
4,-54
4,-71
4,-44
4,-72
4,-61
4,-75
4,-73
4,-68
4,-79
4,-79
4,-79
4,-57
4,-79
4,-79
4,-79
4,-67
4,-69
4,-68
4,-72
4,-54
4,-73
4,-44
4,-72
4,-61
4,-73
4,-72
4,-68
4,-79
4,-79
4,-79
4,-57
4,-79
4,-79
4,-79
4,-67
4,-69
4,-68
4,-72
4,-54
4,-72
4,-45
4,-72
4,-61
4,-77
4,-71
4,-68
4,-79
4,-79
4,-79
4,-58
4,-79
4,-79
4,-79
4,-67
4,-69
4,-67
4,-72
4,-54
4,-72
4,-45
4,-72
4,-61
4,-75
4,-71
4,-68
4,-79
4,-79
4,-79
4,-57
4,-79
4,-79
4,-79
4,-67
4,-69
4,-68
4,-72
4,-54
4,-72
4,-44
4,-73
4,-63
4,-75
4,-73
4,-68
4,-79
4,-79
4,-79
4,-57
4,-79
4,-79
4,-79
4,-67
4,-69
4,-68
4,-72
4,-54
4,-73
4,-45
4,-73
4,-61
4,-75
4,-72
4,-68
4,-79
4,-79
4,-79
4,-57
4,-79
4,-79
4,-79
4,-68
4,-69
4,-67
4,-72
4,-54
4,-74
4,-45
4,-73
4,-62
4,-75
4,-72
4,-68
4,-79
4,-79
4,-79
4,-58
4,-79
4,-79
4,-79
4,-68
4,-69
4,-68
4,-72
4,-53
4,-74
4,-44
4,-73
4,-62
4,-77
4,-72
4,-68
4,-79
4,-79
4,-79
4,-57
4,-79
4,-79
4,-79
4,-68
4,-69
4,-66
4,-72
4,-54
4,-75
4,-45
4,-74
4,-63
4,-79
4,-72
4,-68
4,-79
4,-79
4,-79
4,-57
4,-79
4,-79
4,-79
4,-68
4,-69
4,-68
4,-72
4,-54
4,-75
4,-45
4,-74
4,-62
4,-76
4,-72
4,-68
4,-79
4,-79
4,-57
4,-79
4,-79
4,-79
4,-68
4,-69
4,-69
4,-72
4,-54
4,-75
4,-46
4,-74
4,-61
4,-74
4,-71
4,-68
4,-79
4,-79
4,-57
4,-79
4,-76
4,-79
4,-68
4,-69
4,-68
4,-72
4,-54
4,-75
4,-45
4,-74
4,-61
4,-72
4,-72
4,-68
4,-79
4,-79
4,-57
4,-79
4,-76
4,-79
4,-68
4,-71
4,-68
4,-72
4,-54
4,-76
4,-45
4,-74
4,-61
4,-75
4,-73
4,-68
4,-79
4,-79
4,-57
4,-79
4,-77
4,-79
4,-68
4,-71
4,-68
4,-72
4,-54
4,-75
4,-47
4,-74
4,-61
4,-74
4,-73
4,-68
4,-79
4,-79
4,-57
4,-79
4,-77
4,-79
4,-68
4,-72
4,-69
4,-74
4,-54
4,-74
4,-46
4,-77
4,-63
4,-74
4,-73
4,-68
4,-79
4,-79
4,-57
4,-79
4,-77
4,-79
4,-68
4,-72
4,-69
4,-74
4,-53
4,-74
4,-45
4,-77
4,-65
4,-79
4,-73
4,-68
4,-79
