12:46:49,-81,-63.92857143,0
12:46:49,-79,-63.92857143,1
12:46:49,-76,-63.92857143,2
12:46:49,-78,-64.07142857,3
12:46:49,-73,-64.07142857,4
12:46:49,-60,-64.14285714,5
12:46:49,-46,-63.71428571,6
12:46:49,-33,-64.28571429,7
12:46:49,-67,-64.28571429,8
12:46:49,-81,-64.57142857,9
12:46:49,-51,-64.57142857,10
12:46:49,-58,-64.85714286,11
12:46:49,-64,-65,12
12:46:49,-48,-64.57142857,13
12:46:54,-81,-64.78571429,14
12:46:54,-79,-64.78571429,15
12:46:54,-78,-64.92857143,16
12:46:54,-78,-65,17
12:46:54,-74,-65,18
12:46:54,-54,-64.85714286,19
12:46:54,-54,-65.21428571,20
12:46:54,-33,-65.57142857,21
12:46:54,-71,-65.57142857,22
12:46:54,-81,-65.35714286,23
12:46:54,-55,-65.35714286,24
12:46:54,-60,-65.35714286,25
12:46:54,-58,-65.35714286,26
12:46:54,-51,-65.35714286,27
12:46:59,-81,-65.28571429,28
12:46:59,-81,-61.85714286,29
12:46:59,-79,-61.85714286,30
12:46:59,-78,-62,31
12:46:59,-72,-61.71428571,32
12:46:59,-59,-62.14285714,33
12:46:59,-59,-63.28571429,34
12:46:59,-33,-63,35
12:46:59,-68,-64.57142857,36
12:46:59,-81,-64.71428571,37
12:46:59,-55,-64.71428571,38
12:46:59,-60,-65.42857143,39
12:46:59,-58,-65.57142857,40
12:46:59,-50,-65.57142857,41
12:47:04,-33,-65.64285714,42
12:47:04,-81,-69.21428571,43
12:47:04,-81,-69.21428571,44
12:47:04,-74,-69.14285714,45
12:47:04,-78,-69.64285714,46
12:47:04,-75,-70,47
12:47:04,-55,-70.5,48
12:47:04,-55,-71.57142857,49
12:47:04,-70,-71.78571429,50
12:47:04,-81,-70.85714286,51
12:47:04,-65,-67.35714286,52
12:47:04,-62,-67.85714286,53
12:47:04,-58,-69.14285714,54
12:47:04,-51,-68.71428571,55
12:47:09,-83,-69.35714286,56
12:47:09,-81,-68.14285714,57
12:47:09,-80,-65.85714286,58
12:47:09,-81,-66.07142857,59
12:47:09,-83,-66.07142857,60
12:47:09,-82,-65.85714286,61
12:47:09,-70,-65.5,62
12:47:09,-58,-66.42857143,63
12:47:09,-57,-68.14285714,64
12:47:09,-32,-69.5,65
12:47:09,-72,-71,66
12:47:09,-80,-70.14285714,67
12:47:09,-52,-66.71428571,68
12:47:09,-60,-68.07142857,69
12:47:09,-66,-69.5,70
12:47:09,-49,-68.92857143,71
12:47:14,-83,-70.42857143,72
12:47:14,-81,-68.42857143,73
12:47:14,-80,-66.35714286,74
12:47:14,-77,-66.57142857,75
12:47:14,-83,-66.92857143,76
12:47:14,-82,-66.71428571,77
12:47:14,-76,-66.14285714,78
12:47:14,-53,-66.64285714,79
12:47:14,-60,-68.71428571,80
12:47:14,-32,-69.57142857,81
12:47:14,-71,-71.28571429,82
12:47:14,-80,-69.42857143,83
12:47:14,-58,-66,84
12:47:14,-70,-66.78571429,85
12:47:14,-55,-67.57142857,86
12:47:14,-52,-67.35714286,87
12:47:19,-83,-67.92857143,88
12:47:19,-82,-66.78571429,89
12:47:19,-80,-64.57142857,90
12:47:19,-74,-64.78571429,91
12:47:19,-83,-65.35714286,92
12:47:19,-82,-65.14285714,93
12:47:19,-72,-65.07142857,94
12:47:19,-56,-65.85714286,95
12:47:19,-45,-67.71428571,96
12:47:19,-32,-70,97
12:47:19,-69,-71.57142857,98
12:47:19,-81,-70.35714286,99
12:47:19,-52,-66.85714286,100
12:47:19,-60,-68.28571429,101
12:47:19,-67,-69.92857143,102
12:47:19,-51,-68.85714286,103
12:47:24,-83,-69.92857143,104
12:47:24,-82,-68.21428571,105
12:47:24,-80,-66.07142857,106
12:47:24,-81,-66.28571429,107
12:47:24,-83,-66.28571429,108
12:47:24,-82,-66.07142857,109
12:47:24,-77,-65.85714286,110
12:47:24,-54,-66.28571429,111
12:47:24,-52,-68.28571429,112
12:47:24,-32,-69.71428571,113
12:47:24,-72,-71.42857143,114
12:47:24,-83,-69.78571429,115
12:47:24,-52,-66.21428571,116
12:47:24,-66,-67.28571429,117
12:47:24,-59,-68.28571429,118
12:47:24,-52,-67.78571429,119
12:47:30,-83,-68.78571429,120
12:47:30,-81,-67.35714286,121
12:47:30,-80,-65.21428571,122
12:47:30,-79,-65.42857143,123
12:47:30,-83,-65.57142857,124
12:47:30,-82,-65.35714286,125
12:47:30,-72,-65.21428571,126
12:47:30,-56,-66,127
12:47:30,-49,-67.85714286,128
12:47:30,-33,-69.78571429,129
12:47:30,-67,-71.21428571,130
12:47:30,-80,-70.14285714,131
12:47:30,-52,-66.71428571,132
12:47:30,-66,-68.07142857,133
12:47:30,-63,-69.14285714,134
12:47:30,-51,-68.21428571,135
12:47:35,-83,-69.28571429,136
12:47:35,-81,-67.28571429,137
12:47:35,-80,-65.21428571,138
12:47:35,-80,-65.42857143,139
12:47:35,-83,-65.5,140
12:47:35,-82,-65.28571429,141
12:47:35,-76,-65,142
12:47:35,-53,-65.5,143
12:47:35,-52,-67.57142857,144
12:47:35,-32,-69,145
12:47:35,-71,-70.57142857,146
12:47:35,-81,-69.64285714,147
12:47:35,-50,-66.21428571,148
12:47:35,-66,-67.5,149
12:47:35,-55,-68.57142857,150
12:47:35,-52,-69.14285714,151
12:47:40,-83,-70.14285714,152
12:47:40,-81,-68.14285714,153
12:47:40,-80,-66.14285714,154
12:47:40,-78,-66.35714286,155
12:47:40,-83,-66.57142857,156
12:47:40,-82,-66.35714286,157
12:47:40,-72,-66.07142857,158
12:47:40,-54,-66.85714286,159
12:47:40,-58,-68.85714286,160
12:47:40,-33,-70.14285714,161
12:47:40,-68,-71.5,162
12:47:40,-81,-70.92857143,163
12:47:40,-63,-67.42857143,164
12:47:40,-66,-68,165
12:47:40,-55,-69.07142857,166
12:47:40,-53,-69.21428571,167
12:47:45,-83,-70.28571429,168
12:47:45,-81,-68.28571429,169
12:47:45,-80,-66.42857143,170
12:47:45,-78,-66.64285714,171
12:47:45,-83,-66.85714286,172
12:47:45,-82,-66.64285714,173
12:47:45,-76,-66.28571429,174
12:47:45,-52,-66.78571429,175
12:47:45,-60,-68.92857143,176
12:47:45,-32,-69.78571429,177
12:47:45,-71,-71.42857143,178
12:47:45,-81,-70.28571429,179
12:47:45,-57,-66.85714286,180
12:47:45,-68,-67.78571429,181
12:47:45,-55,-68.71428571,182
12:47:45,-55,-69.14285714,183
12:47:50,-83,-69.85714286,184
12:47:50,-81,-67.85714286,185
12:47:50,-80,-65.71428571,186
12:47:50,-77,-65.92857143,187
12:47:50,-83,-66.21428571,188
12:47:50,-82,-66,189
12:47:50,-72,-65.78571429,190
12:47:50,-55,-66.57142857,191
12:47:50,-55,-68.5,192
12:47:50,-33,-70,193
12:47:50,-70,-71.5,194
12:47:50,-81,-70.5,195
12:47:50,-61,-67.07142857,196
12:47:50,-65,-67.78571429,197
12:47:50,-55,-68.92857143,198
12:47:50,-51,-68.92857143,199
12:47:55,-83,-70.35714286,200
12:47:55,-81,-68.5,201
12:47:55,-80,-66.57142857,202
12:47:55,-79,-66.78571429,203
12:47:55,-83,-67,204
12:47:55,-82,-66.78571429,205
12:47:55,-76,-66.57142857,206
12:47:55,-54,-67.07142857,207
12:47:55,-56,-69.07142857,208
12:47:55,-33,-70.21428571,209
12:47:55,-71,-71.85714286,210
12:47:55,-81,-70.5,211
12:47:55,-55,-67.21428571,212
12:47:55,-71,-68.14285714,213
12:47:55,-57,-68.92857143,214
12:47:55,-54,-69.14285714,215
12:48:00,-83,-69.78571429,216
12:48:00,-82,-68.35714286,217
12:48:00,-80,-66.57142857,218
12:48:00,-79,-66.78571429,219
12:48:00,-83,-67,220
12:48:00,-82,-66.78571429,221
12:48:00,-72,-66.28571429,222
12:48:00,-56,-67.07142857,223
12:48:00,-52,-68.92857143,224
12:48:00,-35,-70.57142857,225
12:48:00,-68,-71.85714286,226
12:48:00,-82,-70.78571429,227
12:48:00,-60,-67.35714286,228
12:48:00,-63,-68.14285714,229
12:48:00,-63,-69.5,230
12:48:00,-57,-69.14285714,231
12:48:05,-83,-69.78571429,232
12:48:05,-82,-68,233
12:48:05,-80,-65.85714286,234
12:48:05,-75,-66.07142857,235
12:48:05,-83,-66.57142857,236
12:48:05,-82,-66.35714286,237
12:48:05,-75,-66.21428571,238
12:48:05,-53,-66.78571429,239
12:48:05,-53,-68.85714286,240
12:48:05,-34,-70.14285714,241
12:48:05,-71,-71.64285714,242
12:48:05,-82,-70.35714286,243
12:48:05,-58,-66.92857143,244
12:48:05,-66,-67.64285714,245
12:48:05,-58,-68.78571429,246
12:48:05,-52,-69.14285714,247
12:48:10,-83,-70.07142857,248
12:48:10,-82,-68.71428571,249
12:48:10,-80,-66.35714286,250
12:48:10,-80,-66.57142857,251
12:48:10,-83,-66.71428571,252
12:48:10,-82,-66.5,253
12:48:10,-71,-66.28571429,254
12:48:10,-55,-67.14285714,255
12:48:10,-53,-69.07142857,256
12:48:10,-34,-70.71428571,257
12:48:10,-68,-72.07142857,258
12:48:10,-82,-71,259
12:48:10,-63,-67.57142857,260
12:48:10,-65,-68.35714286,261
12:48:10,-64,-69.57142857,262
12:48:10,-49,-69.21428571,263
12:48:15,-83,-70.35714286,264
12:48:15,-82,-69,265
12:48:15,-80,-66.85714286,266
12:48:15,-79,-67.07142857,267
12:48:15,-83,-67.28571429,268
12:48:15,-82,-67.14285714,269
12:48:15,-76,-66.92857143,270
12:48:15,-53,-67.42857143,271
12:48:15,-53,-69.5,272
12:48:15,-34,-70.71428571,273
12:48:15,-74,-72.35714286,274
12:48:15,-82,-71.07142857,275
12:48:15,-59,-67.57142857,276
12:48:15,-65,-68.28571429,277
12:48:15,-64,-69.28571429,278
12:48:15,-52,-69,279
12:48:20,-83,-69.92857143,280
12:48:20,-82,-68.42857143,281
12:48:20,-81,-66.14285714,282
12:48:20,-79,-66.28571429,283
12:48:20,-83,-66.5,284
12:48:20,-82,-66.35714286,285
12:48:20,-70,-65.78571429,286
12:48:20,-57,-66.71428571,287
12:48:20,-56,-68.5,288
12:48:20,-33,-70.14285714,289
12:48:20,-69,-71.5,290
12:48:20,-79,-70.42857143,291
12:48:20,-60,-67.21428571,292
12:48:20,-65,-67.92857143,293
12:48:20,-62,-68.92857143,294
12:48:20,-50,-68.78571429,295
12:48:25,-83,-69.85714286,296
12:48:25,-82,-68.28571429,297
12:48:25,-81,-66.14285714,298
12:48:25,-74,-66.28571429,299
12:48:25,-83,-66.85714286,300
12:48:25,-82,-66.71428571,301
12:48:25,-79,-66.42857143,302
12:48:25,-52,-66.71428571,303
12:48:25,-54,-68.85714286,304
12:48:25,-34,-70.07142857,305
12:48:25,-70,-71.57142857,306
12:48:25,-79,-70.35714286,307
12:48:25,-60,-67.07142857,308
12:48:25,-65,-67.57142857,309
12:48:25,-61,-68.5,310
12:48:25,-52,-68.42857143,311
12:48:30,-83,-69.28571429,312
12:48:30,-82,-67.71428571,313
12:48:30,-81,-65.5,314
12:48:30,-78,-62.14285714,315
12:48:30,-83,-62.5,316
12:48:30,-82,-62.42857143,317
12:48:30,-71,-62.35714286,318
12:48:30,-55,-62.85714286,319
12:48:30,-53,-64.85714286,320
12:48:30,-33,-66.92857143,321
12:48:30,-67,-70,322
12:48:30,-78,-68.85714286,323
12:48:30,-60,-67.57142857,324
12:48:30,-64,-68.35714286,325
12:48:30,-61,-69.35714286,326
12:48:30,-51,-69.21428571,327
12:48:35,-34,-70.14285714,328
12:48:35,-83,-71.85714286,329
12:48:35,-82,-69.57142857,330
12:48:35,-81,-69.64285714,331
12:48:35,-78,-69.71428571,332
12:48:35,-83,-69.92857143,333
12:48:35,-82,-69.21428571,334
12:48:35,-76,-69.28571429,335
12:48:35,-51,-69.71428571,336
12:48:35,-60,-71.21428571,337
12:48:35,-71,-70.92857143,338
12:48:35,-78,-69.64285714,339
12:48:35,-59,-66.42857143,340
12:48:35,-64,-67.07142857,341
12:48:35,-58,-68,342
12:48:35,-51,-67.85714286,343
12:48:40,-83,-68.78571429,344
12:48:40,-82,-67,345
12:48:40,-81,-64.64285714,346
12:48:40,-73,-64.78571429,347
12:48:40,-83,-65.42857143,348
12:48:40,-82,-65.28571429,349
12:48:40,-72,-65,350
12:48:40,-56,-65.78571429,351
12:48:40,-53,-67.64285714,352
12:48:40,-33,-69.35714286,353
12:48:40,-68,-70.71428571,354
12:48:40,-77,-70.07142857,355
12:48:40,-56,-66.92857143,356
12:48:40,-64,-67.92857143,357
12:48:40,-58,-69,358
12:48:40,-49,-69.21428571,359
12:48:45,-83,-70.92857143,360
12:48:45,-82,-69,361
12:48:45,-81,-66.71428571,362
12:48:45,-78,-66.85714286,363
12:48:45,-83,-67.14285714,364
12:48:45,-82,-67,365
12:48:45,-77,-66.57142857,366
12:48:45,-52,-67,367
12:48:45,-59,-69.14285714,368
12:48:45,-33,-70.21428571,369
12:48:45,-70,-71.71428571,370
12:48:45,-79,-70.64285714,371
12:48:45,-61,-67.35714286,372
12:48:45,-73,-68.21428571,373
12:48:45,-56,-68.5,374
12:48:45,-50,-68.78571429,375
12:48:50,-83,-69.64285714,376
12:48:50,-82,-67.71428571,377
12:48:50,-81,-65.28571429,378
12:48:50,-76,-65.42857143,379
12:48:50,-83,-65.85714286,380
12:48:50,-82,-65.71428571,381
12:48:50,-74,-65.21428571,382
12:48:50,-54,-65.85714286,383
12:48:50,-55,-67.85714286,384
12:48:50,-33,-69.42857143,385
12:48:50,-73,-70.71428571,386
12:48:50,-77,-69.14285714,387
12:48:50,-60,-66,388
12:48:51,-62,-67.07142857,389
12:48:51,-56,-68.14285714,390
12:48:51,-48,-67.85714286,391
12:48:56,-83,-69.21428571,392
12:48:56,-82,-67.42857143,393
12:48:56,-81,-65.28571429,394
12:48:56,-75,-65.42857143,395
12:48:56,-83,-65.92857143,396
12:48:56,-82,-65.92857143,397
12:48:56,-77,-65.57142857,398
12:48:56,-51,-66,399
12:48:56,-51,-68.21428571,400
12:48:56,-33,-69.71428571,401
12:48:56,-75,-71.28571429,402
12:48:56,-77,-69.21428571,403
12:48:56,-52,-66.14285714,404
12:48:56,-67,-67.42857143,405
12:48:56,-58,-68.14285714,406
12:48:56,-52,-67.85714286,407
12:49:01,-83,-68.78571429,408
12:49:01,-82,-67,409
12:49:01,-83,-64.57142857,410
12:49:01,-77,-64.5,411
12:49:01,-83,-64.92857143,412
12:49:01,-82,-64.28571429,413
12:49:01,-72,-64.35714286,414
12:49:01,-55,-64.78571429,415
12:49:01,-46,-64.57142857,416
12:49:01,-34,-64.85714286,417
12:49:01,-70,-64.85714286,418
12:49:01,-77,-65.71428571,419
12:49:01,-54,-65.92857143,420
12:49:01,-65,-65.71428571,421
12:49:01,-58,-65.71428571,422
12:49:01,-48,-65.57142857,423
12:49:06,-82,-65.78571429,424
12:49:06,-83,-65.78571429,425
12:49:06,-74,-65.78571429,426
12:49:06,-83,-66.07142857,427
12:49:06,-78,-66.07142857,428
12:49:06,-52,-66.07142857,429
12:49:06,-50,-66.21428571,430
12:49:06,-34,-66.14285714,431
12:49:06,-82,-66.07142857,432
12:49:06,-80,-65.35714286,433
12:49:06,-51,-65.07142857,434
12:49:06,-65,-65.14285714,435
12:49:06,-56,-65.21428571,436
12:49:06,-51,-65.57142857,437
12:49:11,-82,-65.35714286,438
12:49:11,-83,-65.35714286,439
12:49:11,-78,-65.35714286,440
12:49:11,-83,-65.21428571,441
12:49:11,-78,-65.21428571,442
12:49:11,-54,-65.21428571,443
12:49:11,-49,-65.14285714,444
12:49:11,-33,-65.28571429,445
12:49:11,-72,-65.28571429,446
12:49:11,-76,-65.78571429,447
12:49:11,-52,-65.92857143,448
12:49:11,-66,-66.07142857,449
12:49:11,-61,-66.21428571,450
12:49:11,-48,-65.85714286,451
12:49:16,-82,-66.07142857,452
12:49:16,-83,-66.07142857,453
12:49:16,-76,-66.07142857,454
12:49:16,-83,-66.07142857,455
12:49:16,-78,-66.07142857,456
12:49:16,-53,-65.78571429,457
12:49:16,-51,-66,458
12:49:16,-33,-66,459
12:49:16,-79,-66,460
12:49:16,-78,-65.57142857,461
12:49:16,-54,-65.42857143,462
12:49:16,-68,-65.64285714,463
12:49:16,-56,-65.64285714,464
12:49:16,-51,-65.64285714,465
12:49:21,-82,-65.35714286,466
12:49:21,-83,-65.35714286,467
12:49:21,-76,-65.35714286,468
12:49:21,-83,-65.42857143,469
12:49:21,-74,-65.42857143,470
12:49:21,-56,-65.71428571,471
12:49:21,-51,-65.5,472
12:49:21,-33,-65.64285714,473
12:49:21,-73,-65.64285714,474
12:49:21,-76,-65.71428571,475
12:49:21,-57,-66.07142857,476
12:49:21,-68,-65.85714286,477
12:49:21,-56,-66,478
12:49:21,-47,-66,479
12:49:26,-82,-66.14285714,480
12:49:26,-83,-66,481
12:49:26,-77,-66,482
12:49:26,-83,-66.07142857,483
12:49:26,-78,-66.07142857,484
12:49:26,-53,-65.64285714,485
12:49:26,-53,-65.78571429,486
12:49:26,-33,-65.42857143,487
12:49:26,-74,-65.42857143,488
12:49:26,-81,-65.21428571,489
12:49:26,-54,-64.85714286,490
12:49:26,-70,-64.85714286,491
12:49:26,-56,-64.85714286,492
12:49:26,-49,-64.85714286,493
12:49:31,-80,-64.5,494
12:49:31,-83,-64.5,495
12:49:31,-78,-64.5,496
12:49:31,-83,-64.42857143,497
12:49:31,-72,-64.42857143,498
12:49:31,-55,-64.85714286,499
12:49:31,-48,-64.64285714,500
12:49:31,-33,-65.07142857,501
12:49:31,-71,-65.07142857,502
12:49:31,-76,-65.42857143,503
12:49:31,-54,-65.71428571,504
12:49:31,-70,-65.5,505
12:49:31,-56,-65.5,506
12:49:31,-44,-65.57142857,507
12:49:36,-80,-65.85714286,508
12:49:36,-83,-66.07142857,509
12:49:36,-77,-66.07142857,510
12:49:36,-83,-66.21428571,511
12:49:36,-78,-66.21428571,512
12:49:36,-52,-65.85714286,513
12:49:36,-54,-66.28571429,514
12:49:36,-33,-66.28571429,515
12:49:36,-76,-66.28571429,516
12:49:36,-80,-66,517
12:49:36,-51,-65.64285714,518
12:49:36,-70,-66.35714286,519
12:49:36,-57,-66.35714286,520
12:49:36,-48,-66.35714286,521
12:49:41,-83,-66,522
12:49:41,-83,-66,523
12:49:41,-79,-66,524
12:49:41,-83,-65.85714286,525
12:49:41,-73,-65.85714286,526
12:49:41,-58,-66.21428571,527
12:49:41,-54,-65.85714286,528
12:49:41,-33,-66,529
12:49:41,-72,-66,530
12:49:41,-75,-66.28571429,531
12:49:41,-61,-66.28571429,532
12:49:41,-70,-66.5,533
12:49:41,-57,-66.5,534
12:49:41,-43,-66.42857143,535
12:49:46,-83,-66.85714286,536
12:49:46,-83,-66.85714286,537
12:49:46,-77,-66.85714286,538
12:49:46,-83,-66.85714286,539
12:49:46,-78,-66.85714286,540
12:49:46,-53,-66.42857143,541
12:49:46,-56,-66.57142857,542
12:49:46,-33,-65.92857143,543
12:49:46,-76,-65.92857143,544
12:49:46,-75,-65.35714286,545
12:49:46,-64,-65.35714286,546
12:49:46,-70,-64.78571429,547
12:49:46,-56,-64.07142857,548
12:49:46,-49,-64.07142857,549
12:49:51,-83,-63.57142857,550
12:49:51,-83,-63.57142857,551
12:49:51,-77,-63.57142857,552
12:49:51,-83,-63.42857143,553
12:49:51,-72,-63.42857143,554
12:49:51,-55,-63.85714286,555
12:49:51,-47,-63.71428571,556
12:49:51,-33,-64.42857143,557
12:49:51,-68,-64.42857143,558
12:49:51,-75,-64.71428571,559
12:49:51,-56,-65.14285714,560
12:49:51,-60,-65.21428571,561
12:49:51,-56,-66,562
12:49:51,-42,-66,563
12:49:56,-83,-66.28571429,564
12:49:56,-83,-66.14285714,565
12:49:56,-75,-66.14285714,566
12:49:56,-83,-66,567
12:49:56,-78,-65.85714286,568
12:49:56,-53,-65.42857143,569
12:49:56,-57,-65.57142857,570
12:49:56,-33,-64.85714286,571
12:49:56,-72,-65,572
12:49:56,-81,-64.78571429,573
12:49:56,-57,-64.78571429,574
12:49:56,-71,-64.35714286,575
12:49:56,-56,-64.35714286,576
12:49:56,-46,-64.85714286,577
12:50:01,-81,-64.5,578
12:50:01,-83,-64.5,579
12:50:01,-73,-64.5,580
12:50:01,-81,-64.5,581
12:50:01,-72,-64.5,582
12:50:01,-55,-64.92857143,583
12:50:01,-47,-64.64285714,584
12:50:01,-35,-64.92857143,585
12:50:01,-69,-64.85714286,586
12:50:01,-81,-64.92857143,587
12:50:01,-51,-64.64285714,588
12:50:01,-71,-65.14285714,589
12:50:01,-63,-65.14285714,590
12:50:01,-41,-64.64285714,591
12:50:06,-81,-65.14285714,592
12:50:06,-83,-65.14285714,593
12:50:06,-73,-65.14285714,594
12:50:06,-81,-65.28571429,595
12:50:06,-78,-65,596
12:50:06,-51,-64.71428571,597
12:50:06,-51,-65.14285714,598
12:50:06,-34,-65.35714286,599
12:50:06,-70,-65.35714286,600
12:50:06,-77,-65.21428571,601
12:50:06,-58,-64.92857143,602
12:50:06,-71,-64.85714286,603
12:50:06,-56,-64.14285714,604
12:50:06,-48,-64.5,605
12:50:11,-81,-64,606
12:50:11,-83,-64,607
12:50:11,-75,-64,608
12:50:11,-77,-64.14285714,609
12:50:11,-74,-64.14285714,610
12:50:11,-57,-64.35714286,611
12:50:11,-54,-64,612
12:50:11,-34,-63.92857143,613
12:50:11,-68,-64,614
12:50:11,-73,-64.21428571,615
12:50:11,-57,-64.5,616
12:50:11,-61,-64.5,617
12:50:11,-61,-64.5,618
12:50:11,-41,-64.5,619
12:50:16,-81,-65,620
12:50:16,-83,-65,621
12:50:16,-77,-65,622
12:50:16,-77,-64.92857143,623
12:50:16,-77,-65.07142857,624
12:50:16,-52,-64.78571429,625
12:50:16,-53,-65,626
12:50:16,-35,-65.07142857,627
12:50:16,-71,-65.07142857,628
12:50:16,-77,-64.85714286,629
12:50:16,-57,-64.57142857,630
12:50:16,-61,-64.5,631
12:50:16,-61,-64.5,632
12:50:16,-48,-64.64285714,633
12:50:21,-81,-64,634
12:50:21,-83,-64,635
12:50:21,-76,-64,636
12:50:21,-79,-63.92857143,637
12:50:21,-73,-63.92857143,638
12:50:21,-55,-64.07142857,639
12:50:22,-54,-63.85714286,640
12:50:22,-35,-63.71428571,641
12:50:22,-68,-63.5,642
12:50:22,-73,-63.64285714,643
12:50:22,-56,-64,644
12:50:22,-61,-64.07142857,645
12:50:22,-63,-64.07142857,646
12:50:22,-39,-64.07142857,647
12:50:27,-81,-64.5,648
12:50:27,-83,-64.5,649
12:50:27,-75,-64.5,650
12:50:27,-79,-64.64285714,651
12:50:27,-75,-64.64285714,652
12:50:27,-52,-64.35714286,653
12:50:27,-52,-64.64285714,654
12:50:27,-32,-64.85714286,655
12:50:27,-70,-64.92857143,656
12:50:27,-78,-64.85714286,657
12:50:27,-57,-64.64285714,658
12:50:27,-61,-64.78571429,659
12:50:27,-63,-64.78571429,660
12:50:27,-45,-64.78571429,661
12:50:32,-81,-64.21428571,662
12:50:32,-83,-64.21428571,663
12:50:32,-77,-64.21428571,664
12:50:32,-79,-64.14285714,665
12:50:32,-71,-64.14285714,666
12:50:32,-56,-64.71428571,667
12:50:32,-55,-64.5,668
12:50:32,-33,-64.42857143,669
12:50:32,-69,-64.42857143,670
12:50:32,-75,-64.57142857,671
12:50:32,-59,-64.5,672
12:50:32,-61,-64,673
12:50:32,-63,-64.71428571,674
12:50:32,-37,-64.21428571,675
12:50:37,-81,-64.71428571,676
12:50:37,-83,-61.28571429,677
12:50:37,-76,-61.14285714,678
12:50:37,-79,-61.64285714,679
12:50:37,-79,-61.42857143,680
12:50:37,-53,-61.42857143,681
12:50:37,-54,-62.71428571,682
12:50:37,-33,-62.78571429,683
12:50:37,-71,-63.85714286,684
12:50:37,-74,-63.64285714,685
12:50:37,-52,-63.71428571,686
12:50:37,-71,-63.5,687
12:50:37,-56,-62.78571429,688
12:50:37,-44,-63.21428571,689
12:50:42,-33,-62.71428571,690
12:50:42,-81,-66.14285714,691
12:50:42,-83,-66.28571429,692
12:50:42,-76,-66,693
12:50:42,-79,-66.35714286,694
12:50:42,-71,-66.28571429,695
12:50:42,-55,-64.85714286,696
12:50:42,-48,-64.42857143,697
12:50:42,-68,-63.35714286,698
12:50:42,-75,-63.57142857,699
12:50:42,-49,-63.57142857,700
12:50:42,-61,-63.64285714,701
12:50:42,-62,-63.64285714,702
12:50:42,-37,-63.28571429,703
12:50:47,-81,-64,704
12:50:47,-83,-64,705
12:50:47,-79,-63.92857143,706
12:50:47,-81,-63.5,707
12:50:47,-78,-63.5,708
12:50:47,-51,-63.5,709
12:50:47,-49,-63.78571429,710
12:50:47,-33,-63.78571429,711
12:50:47,-71,-63.78571429,712
12:50:47,-75,-63.57142857,713
12:50:47,-50,-63.5,714
12:50:47,-61,-63.5,715
12:50:47,-57,-63.14285714,716
12:50:47,-47,-63.5,717
12:50:52,-81,-62.85714286,718
12:50:52,-82,-62.85714286,719
12:50:52,-73,-62.85714286,720
12:50:52,-81,-63.14285714,721
12:50:52,-78,-63.14285714,722
12:50:52,-55,-63.14285714,723
12:50:52,-49,-63,724
12:50:52,-33,-63.07142857,725
12:50:52,-68,-63.07142857,726
12:50:52,-74,-63.21428571,727
12:50:52,-50,-63.42857143,728
12:50:52,-56,-63.92857143,729
12:50:52,-62,-64.92857143,730
12:50:52,-38,-64.57142857,731
12:50:57,-81,-65.14285714,732
12:50:57,-82,-65.14285714,733
12:50:57,-77,-65.14285714,734
12:50:57,-81,-65,735
12:50:57,-78,-65,736
12:50:57,-53,-64.57142857,737
12:50:57,-50,-64.71428571,738
12:50:57,-33,-64.64285714,739
12:50:57,-70,-64.64285714,740
12:50:57,-77,-64.42857143,741
12:50:57,-57,-64.21428571,742
12:50:57,-70,-63.64285714,743
12:50:57,-57,-63.64285714,744
12:50:57,-46,-63.64285714,745
12:51:02,-81,-63.07142857,746
12:51:02,-82,-63.07142857,747
12:51:02,-75,-63.07142857,748
12:51:02,-81,-63.35714286,749
12:51:02,-72,-63.35714286,750
12:51:02,-55,-63.78571429,751
12:51:02,-49,-63.71428571,752
12:51:02,-33,-63.64285714,753
12:51:02,-67,-63.71428571,754
12:51:02,-74,-63.92857143,755
12:51:02,-49,-64.21428571,756
12:51:02,-70,-64.71428571,757
12:51:02,-57,-64.64285714,758
12:51:02,-38,-64.57142857,759
12:51:07,-81,-65.07142857,760
12:51:07,-82,-65.14285714,761
12:51:07,-79,-65.14285714,762
12:51:07,-81,-64.85714286,763
12:51:07,-78,-64.85714286,764
12:51:07,-54,-64.42857143,765
12:51:07,-48,-64.42857143,766
12:51:07,-34,-64.42857143,767
12:51:07,-70,-64.35714286,768
12:51:07,-78,-64.14285714,769
12:51:07,-56,-63.92857143,770
12:51:07,-69,-63.5,771
12:51:07,-56,-62.5,772
12:51:07,-45,-62.5,773
12:51:12,-82,-62,774
12:51:12,-82,-62,775
12:51:12,-75,-62,776
12:51:12,-81,-62.21428571,777
12:51:12,-72,-62.21428571,778
12:51:12,-54,-62.71428571,779
12:51:12,-48,-62.64285714,780
12:51:12,-33,-62.85714286,781
12:51:12,-67,-62.85714286,782
12:51:12,-75,-63.07142857,783
12:51:12,-50,-63.5,784
12:51:12,-55,-63.57142857,785
12:51:12,-56,-64.64285714,786
12:51:12,-38,-64.71428571,787
12:51:17,-82,-65.35714286,788
12:51:17,-82,-65.21428571,789
12:51:17,-78,-65.21428571,790
12:51:17,-81,-65.07142857,791
12:51:17,-79,-65.07142857,792
12:51:17,-53,-64.57142857,793
12:51:17,-51,-64.71428571,794
12:51:17,-33,-64.57142857,795
12:51:17,-70,-64.64285714,796
12:51:17,-81,-64.42857143,797
12:51:17,-51,-64,798
12:51:17,-70,-64.21428571,799
12:51:17,-57,-63,800
12:51:17,-47,-63.35714286,801
12:51:22,-80,-62.78571429,802
12:51:22,-82,-62.78571429,803
12:51:22,-76,-62.78571429,804
12:51:22,-81,-62.85714286,805
12:51:22,-72,-62.85714286,806
12:51:22,-55,-63.5,807
12:51:22,-49,-63.35714286,808
12:51:22,-34,-63.5,809
12:51:22,-67,-63.42857143,810
12:51:22,-75,-63.64285714,811
12:51:22,-54,-63.64285714,812
12:51:22,-53,-63.5,813
12:51:22,-62,-63.5,814
12:51:22,-39,-63.14285714,815
12:51:27,-80,-63.64285714,816
12:51:27,-82,-63.71428571,817
12:51:27,-77,-63.71428571,818
12:51:27,-81,-63.71428571,819
12:51:27,-81,-63.71428571,820
12:51:27,-53,-63.14285714,821
12:51:27,-51,-63.35714286,822
12:51:27,-33,-63.14285714,823
12:51:27,-70,-63.14285714,824
12:51:27,-75,-62.92857143,825
12:51:27,-52,-62.92857143,826
12:51:27,-53,-63.07142857,827
12:51:27,-57,-63.07142857,828
12:51:27,-46,-63.07142857,829
12:51:32,-81,-62.64285714,830
12:51:32,-82,-62.92857143,831
12:51:32,-77,-62.92857143,832
12:51:32,-81,-62.85714286,833
12:51:32,-73,-62.85714286,834
12:51:32,-56,-63.14285714,835
12:51:32,-48,-63,836
12:51:32,-33,-63.14285714,837
12:51:32,-67,-63.21428571,838
12:51:32,-75,-63.5,839
12:51:32,-54,-63.85714286,840
12:51:32,-53,-63.92857143,841
12:51:32,-57,-63.92857143,842
12:51:32,-40,-63.92857143,843
12:51:37,-85,-64.28571429,844
12:51:37,-82,-63.92857143,845
12:51:37,-76,-63.92857143,846
12:51:37,-81,-64,847
12:51:37,-77,-64,848
12:51:37,-54,-63.85714286,849
12:51:37,-50,-64,850
12:51:37,-34,-63.92857143,851
12:51:37,-71,-63.85714286,852
12:51:37,-80,-64,853
12:51:37,-55,-63.64285714,854
12:51:37,-53,-63.35714286,855
12:51:37,-57,-63.71428571,856
12:51:37,-45,-64.07142857,857
12:51:42,-80,-63.78571429,858
12:51:42,-82,-63.78571429,859
12:51:42,-77,-63.78571429,860
12:51:42,-81,-63.85714286,861
12:51:42,-75,-63.85714286,862
12:51:42,-56,-64.07142857,863
12:51:42,-49,-63.85714286,864
12:51:42,-33,-64.07142857,865
12:51:42,-73,-64.07142857,866
12:51:42,-75,-63.78571429,867
12:51:42,-51,-64.28571429,868
12:51:42,-58,-64.57142857,869
12:51:42,-62,-65.07142857,870
12:51:42,-41,-64.85714286,871
12:51:47,-80,-65.21428571,872
12:51:47,-82,-65.21428571,873
12:51:47,-78,-65.21428571,874
12:51:47,-81,-65.14285714,875
12:51:47,-78,-65.14285714,876
12:51:47,-53,-64.71428571,877
12:51:47,-52,-65,878
12:51:47,-33,-64.71428571,879
12:51:47,-69,-64.71428571,880
12:51:47,-82,-64.64285714,881
12:51:47,-55,-64.14285714,882
12:51:47,-65,-63.92857143,883
12:51:47,-59,-63.21428571,884
12:51:47,-46,-63.64285714,885
12:51:52,-80,-63.14285714,886
12:51:52,-82,-59.78571429,887
12:51:52,-77,-59.64285714,888
12:51:52,-81,-60,889
12:51:52,-72,-59.71428571,890
12:51:52,-57,-60.35714286,891
12:51:52,-48,-61.78571429,892
12:51:52,-33,-62.14285714,893
12:51:52,-68,-63.28571429,894
12:51:52,-75,-63.57142857,895
12:51:52,-52,-63.92857143,896
12:51:52,-55,-64.14285714,897
12:51:52,-65,-64.14285714,898
12:51:52,-39,-64.14285714,899
12:51:58,-33,-64.78571429,900
12:51:58,-80,-68.14285714,901
12:51:58,-82,-68.21428571,902
12:51:58,-77,-67.92857143,903
12:51:58,-81,-68.28571429,904
12:51:58,-77,-67.64285714,905
12:51:58,-53,-66.07142857,906
12:51:58,-49,-65.71428571,907
12:51:58,-72,-64.64285714,908
12:51:58,-80,-64.35714286,909
12:51:58,-55,-64.14285714,910
12:51:58,-55,-63.92857143,911
12:51:58,-65,-63.85714286,912
12:51:58,-48,-63.78571429,913
12:52:03,-80,-63.21428571,914
12:52:03,-81,-63.5,915
12:52:03,-78,-63.42857143,916
12:52:03,-82,-63.64285714,917
12:52:03,-72,-63.42857143,918
12:52:03,-55,-64.14285714,919
12:52:03,-48,-65.71428571,920
12:52:03,-34,-66.07142857,921
12:52:03,-68,-67.21428571,922
12:52:03,-77,-64.78571429,923
12:52:03,-52,-64.35714286,924
12:52:03,-54,-66.42857143,925
12:52:03,-64,-66.42857143,926
12:52:03,-40,-65.71428571,927
12:52:03,-84,-67.42857143,928
12:52:08,-80,-64.64285714,929
12:52:08,-81,-64.92857143,930
12:52:08,-79,-64.64285714,931
12:52:08,-82,-64.92857143,932
12:52:08,-77,-64.57142857,933
12:52:08,-53,-64.92857143,934
12:52:08,-50,-66.28571429,935
12:52:08,-34,-66.71428571,936
12:52:08,-71,-67.71428571,937
12:52:08,-81,-65,938
12:52:08,-54,-64.07142857,939
12:52:08,-54,-65.71428571,940
12:52:08,-64,-65.64285714,941
12:52:08,-45,-64.92857143,942
12:52:08,-84,-66.21428571,943
12:52:13,-77,-63.21428571,944
12:52:13,-83,-63.71428571,945
12:52:13,-77,-63.28571429,946
12:52:13,-82,-63.71428571,947
12:52:13,-72,-63.57142857,948
12:52:13,-56,-64.28571429,949
12:52:13,-48,-65.85714286,950
12:52:13,-33,-66.28571429,951
12:52:13,-68,-67.57142857,952
12:52:13,-77,-65.07142857,953
12:52:13,-53,-64.64285714,954
12:52:13,-54,-66.35714286,955
12:52:13,-63,-66.35714286,956
12:52:13,-42,-65.71428571,957
12:52:13,-84,-67.21428571,958
12:52:18,-77,-64.64285714,959
12:52:18,-83,-65.14285714,960
12:52:18,-80,-64.78571429,961
12:52:18,-82,-65,962
12:52:18,-78,-64.71428571,963
12:52:18,-54,-65,964
12:52:18,-51,-66.28571429,965
12:52:18,-33,-66.57142857,966
12:52:18,-71,-67.64285714,967
12:52:18,-77,-64.92857143,968
12:52:18,-54,-64.28571429,969
12:52:18,-54,-65.92857143,970
12:52:18,-63,-65.78571429,971
12:52:18,-48,-65.14285714,972
12:52:18,-84,-66.21428571,973
12:52:23,-78,-63.21428571,974
12:52:23,-83,-63.64285714,975
12:52:23,-78,-63.28571429,976
12:52:23,-82,-63.64285714,977
12:52:23,-72,-63.35714286,978
12:52:23,-55,-64.07142857,979
12:52:23,-48,-65.71428571,980
12:52:23,-33,-66.07142857,981
12:52:23,-68,-67.28571429,982
12:52:23,-77,-64.78571429,983
12:52:23,-52,-64.35714286,984
12:52:23,-54,-66.5,985
12:52:23,-63,-66.5,986
12:52:23,-42,-65.85714286,987
12:52:23,-84,-67.35714286,988
12:52:28,-78,-64.71428571,989
12:52:28,-83,-65.14285714,990
12:52:28,-78,-64.64285714,991
12:52:28,-82,-64.92857143,992
12:52:28,-78,-64.64285714,993
12:52:28,-53,-64.92857143,994
12:52:28,-50,-66.21428571,995
12:52:28,-33,-66.64285714,996
12:52:28,-71,-67.64285714,997
12:52:28,-82,-64.92857143,998
12:52:28,-54,-63.92857143,999
12:52:28,-54,-65.57142857,1000
12:52:28,-63,-65.42857143,1001
12:52:28,-47,-64.78571429,1002
12:52:28,-84,-66,1003
12:52:33,-76,-63.14285714,1004
12:52:33,-82,-63.64285714,1005
12:52:33,-78,-63.21428571,1006
12:52:33,-82,-63.5,1007
12:52:33,-71,-63.28571429,1008
12:52:33,-56,-64.07142857,1009
12:52:33,-47,-65.64285714,1010
12:52:33,-33,-66.07142857,1011
12:52:33,-68,-67.28571429,1012
12:52:33,-77,-64.78571429,1013
12:52:33,-52,-64.42857143,1014
12:52:33,-54,-66.57142857,1015
12:52:33,-64,-66.42857143,1016
12:52:33,-44,-65.71428571,1017
12:52:33,-83,-67.14285714,1018
12:52:38,-76,-64.71428571,1019
12:52:38,-82,-65.21428571,1020
12:52:38,-79,-64.92857143,1021
12:52:38,-82,-65.14285714,1022
12:52:38,-78,-64.85714286,1023
12:52:38,-53,-65.14285714,1024
12:52:38,-50,-66.57142857,1025
12:52:38,-33,-66.92857143,1026
12:52:38,-72,-68,1027
12:52:38,-82,-65.21428571,1028
12:52:38,-52,-64.21428571,1029
12:52:38,-54,-66.07142857,1030
12:52:38,-64,-65.85714286,1031
12:52:38,-49,-65.14285714,1032
12:52:38,-83,-66.14285714,1033
12:52:43,-78,-63.5,1034
12:52:43,-82,-63.85714286,1035
12:52:43,-78,-63.57142857,1036
12:52:43,-82,-63.85714286,1037
12:52:43,-73,-63.64285714,1038
12:52:43,-55,-64.28571429,1039
12:52:43,-48,-66,1040
12:52:43,-33,-66.35714286,1041
12:52:43,-68,-67.57142857,1042
12:52:43,-78,-65.07142857,1043
12:52:43,-51,-64.57142857,1044
12:52:43,-54,-66.71428571,1045
12:52:43,-63,-66.64285714,1046
12:52:43,-46,-67.14285714,1047
12:52:43,-83,-67.92857143,1048
12:52:48,-78,-65.5,1049
12:52:48,-82,-65.85714286,1050
12:52:48,-79,-65.42857143,1051
12:52:48,-82,-65.64285714,1052
12:52:48,-79,-65.42857143,1053
12:52:48,-53,-65.64285714,1054
12:52:48,-50,-66.92857143,1055
12:52:48,-33,-67.35714286,1056
12:52:48,-71,-68.42857143,1057
12:52:48,-81,-65.71428571,1058
12:52:48,-53,-64.78571429,1059
12:52:48,-70,-66.57142857,1060
12:52:48,-57,-65.28571429,1061
12:52:48,-49,-66.21428571,1062
12:52:48,-83,-66.78571429,1063
12:52:53,-76,-64.21428571,1064
12:52:53,-82,-64.71428571,1065
12:52:53,-79,-64.28571429,1066
12:52:53,-82,-64.5,1067
12:52:53,-71,-64.28571429,1068
12:52:53,-56,-65.07142857,1069
12:52:53,-48,-66.71428571,1070
12:52:53,-33,-67.07142857,1071
12:52:53,-68,-68.28571429,1072
12:52:53,-78,-65.78571429,1073
12:52:53,-52,-65.28571429,1074
12:52:53,-70,-67.42857143,1075
12:52:53,-57,-66.14285714,1076
12:52:53,-47,-67.07142857,1077
12:52:53,-83,-67.78571429,1078
12:52:58,-76,-65.5,1079
12:52:58,-82,-66,1080
12:52:58,-79,-65.64285714,1081
12:52:58,-82,-66,1082
12:52:58,-79,-65.57142857,1083
12:52:58,-53,-65.78571429,1084
12:52:58,-50,-67.14285714,1085
12:52:58,-33,-67.57142857,1086
12:52:58,-71,-68.57142857,1087
12:52:58,-82,-65.85714286,1088
12:52:58,-52,-64.92857143,1089
12:52:58,-70,-66.78571429,1090
12:52:58,-57,-65.5,1091
12:52:58,-51,-65.5,1092
12:52:58,-83,-66.35714286,1093
12:53:03,-77,-63.78571429,1094
12:53:03,-84,-64.07142857,1095
12:53:03,-76,-63.57142857,1096
12:53:03,-82,-64.14285714,1097
12:53:03,-72,-63.85714286,1098
12:53:03,-56,-64.57142857,1099
12:53:03,-47,-66.14285714,1100
12:53:03,-33,-66.64285714,1101
12:53:03,-69,-67.92857143,1102
12:53:03,-78,-65.42857143,1103
12:53:03,-52,-65.07142857,1104
12:53:03,-57,-66.92857143,1105
12:53:03,-63,-66.64285714,1106
12:53:03,-47,-66.21428571,1107
12:53:03,-81,-66.92857143,1108
12:53:08,-77,-64.78571429,1109
12:53:08,-84,-65.07142857,1110
12:53:08,-78,-64.57142857,1111
12:53:08,-82,-65,1112
12:53:08,-78,-64.57142857,1113
12:53:08,-54,-64.85714286,1114
12:53:08,-51,-66.28571429,1115
12:53:08,-34,-66.57142857,1116
12:53:08,-73,-67.42857143,1117
12:53:08,-78,-64.57142857,1118
12:53:08,-53,-64,1119
12:53:08,-57,-65.78571429,1120
12:53:08,-57,-65.71428571,1121
12:53:08,-51,-65.71428571,1122
12:53:08,-81,-66.14285714,1123
12:53:13,-77,-63.78571429,1124
12:53:13,-84,-64.21428571,1125
12:53:13,-76,-64,1126
12:53:13,-82,-64.07142857,1127
12:53:13,-74,-64.21428571,1128
12:53:13,-55,-64.5,1129
12:53:13,-46,-66.42857143,1130
12:53:13,-33,-68.71428571,1131
12:53:13,-70,-70.21428571,1132
12:53:13,-78,-68.64285714,1133
12:53:13,-56,-65.42857143,1134
12:53:13,-57,-66.42857143,1135
12:53:13,-57,-68.42857143,1136
12:53:13,-48,-67.92857143,1137
12:53:13,-83,-69,1138
12:53:13,-81,-67.14285714,1139
12:53:19,-77,-65.07142857,1140
12:53:19,-84,-65.5,1141
12:53:19,-78,-65.28571429,1142
12:53:19,-82,-65.21428571,1143
12:53:19,-78,-65.35714286,1144
12:53:19,-54,-65.28571429,1145
12:53:19,-48,-67.28571429,1146
12:53:19,-33,-69,1147
12:53:19,-70,-70.64285714,1148
12:53:19,-85,-69,1149
12:53:19,-50,-65.28571429,1150
12:53:19,-63,-66.57142857,1151
12:53:19,-57,-68.14285714,1152
12:53:19,-52,-67.92857143,1153
12:53:19,-83,-68.71428571,1154
12:53:19,-81,-66.85714286,1155
12:53:24,-77,-64.64285714,1156
12:53:24,-84,-65.07142857,1157
12:53:24,-77,-64.85714286,1158
12:53:24,-82,-65.21428571,1159
12:53:24,-72,-65.35714286,1160
12:53:24,-56,-66,1161
12:53:24,-47,-67.85714286,1162
12:53:24,-33,-69.78571429,1163
12:53:24,-68,-71.28571429,1164
12:53:24,-85,-70.28571429,1165
12:53:24,-54,-66.64285714,1166
12:53:24,-63,-67.85714286,1167
12:53:24,-57,-69.42857143,1168
12:53:24,-50,-69,1169
12:53:24,-83,-69.92857143,1170
12:53:24,-81,-68.14285714,1171
12:53:29,-82,-66,1172
12:53:29,-84,-66.07142857,1173
12:53:29,-81,-65.85714286,1174
12:53:29,-82,-65.92857143,1175
12:53:29,-74,-66.07142857,1176
12:53:29,-54,-66.28571429,1177
12:53:29,-54,-68.28571429,1178
12:53:29,-34,-69.64285714,1179
12:53:29,-71,-71.14285714,1180
12:53:29,-85,-69.42857143,1181
12:53:29,-51,-65.71428571,1182
12:53:29,-63,-66.85714286,1183
12:53:29,-58,-67.85714286,1184
12:53:29,-51,-67.35714286,1185
12:53:29,-83,-68.21428571,1186
12:53:29,-81,-66.42857143,1187
12:53:34,-82,-64.14285714,1188
12:53:34,-84,-64.21428571,1189
12:53:34,-77,-64,1190
12:53:34,-82,-64.35714286,1191
12:53:34,-73,-64.5,1192
12:53:34,-55,-64.92857143,1193
12:53:34,-47,-66.85714286,1194
12:53:34,-33,-69,1195
12:53:34,-67,-70.5,1196
12:53:34,-77,-69.21428571,1197
12:53:34,-51,-66.07142857,1198
12:53:34,-63,-67.21428571,1199
12:53:34,-58,-68.64285714,1200
12:53:34,-49,-68.14285714,1201
12:53:34,-83,-69.28571429,1202
12:53:34,-81,-67.35714286,1203
12:53:39,-82,-65.35714286,1204
12:53:39,-84,-65.42857143,1205
12:53:39,-79,-65.35714286,1206
12:53:39,-82,-65.5,1207
12:53:39,-77,-65.14285714,1208
12:53:39,-54,-65.5,1209
12:53:39,-49,-67.21428571,1210
12:53:39,-33,-69.57142857,1211
12:53:39,-67,-72.28571429,1212
12:53:39,-83,-71.35714286,1213
12:53:39,-51,-69.64285714,1214
12:53:39,-65,-68.35714286,1215
12:53:39,-56,-68.57142857,1216
12:53:39,-53,-70.28571429,1217
12:53:39,-83,-70.57142857,1218
12:53:39,-83,-69.14285714,1219
12:53:39,-81,-67.78571429,1220
12:53:44,-77,-65.71428571,1221
12:53:44,-82,-66.14285714,1222
12:53:44,-78,-66.21428571,1223
12:53:44,-82,-66.42857143,1224
12:53:44,-71,-66.07142857,1225
12:53:44,-54,-66.85714286,1226
12:53:44,-59,-68.57142857,1227
12:53:44,-33,-70.21428571,1228
12:53:44,-68,-73.5,1229
12:53:44,-80,-72.42857143,1230
12:53:44,-57,-70.28571429,1231
12:53:44,-63,-68.57142857,1232
12:53:44,-64,-69.21428571,1233
12:53:44,-52,-70.5,1234
12:53:44,-83,-70.64285714,1235
12:53:44,-83,-69.64285714,1236
12:53:44,-81,-67.71428571,1237
12:53:49,-77,-65.64285714,1238
12:53:49,-82,-66.07142857,1239
12:53:49,-78,-66.14285714,1240
12:53:49,-82,-66.35714286,1241
12:53:49,-79,-66.14285714,1242
12:53:49,-53,-66.35714286,1243
12:53:49,-50,-68,1244
12:53:49,-33,-70.28571429,1245
12:53:49,-72,-72.92857143,1246
12:53:49,-82,-71.64285714,1247
12:53:49,-54,-69.07142857,1248
12:53:49,-69,-67.57142857,1249
12:53:49,-56,-67.57142857,1250
12:53:49,-52,-69.21428571,1251
12:53:49,-83,-69.14285714,1252
12:53:49,-83,-67.64285714,1253
12:53:49,-81,-65.71428571,1254
12:53:54,-79,-63.64285714,1255
12:53:54,-82,-63.92857143,1256
12:53:54,-76,-64,1257
12:53:54,-82,-64.35714286,1258
12:53:54,-70,-64.14285714,1259
12:53:54,-54,-65,1260
12:53:54,-46,-66.71428571,1261
12:53:54,-33,-69,1262
12:53:54,-69,-70.5,1263
12:53:54,-79,-69.14285714,1264
12:53:54,-51,-65.85714286,1265
12:53:54,-62,-67.21428571,1266
12:53:54,-56,-68.42857143,1267
12:53:54,-52,-68.14285714,1268
12:53:54,-83,-68.85714286,1269
12:53:54,-83,-67,1270
12:53:54,-81,-65,1271
12:53:59,-79,-65.14285714,1272
12:53:59,-82,-65.42857143,1273
12:53:59,-78,-65.35714286,1274
12:53:59,-78,-65.42857143,1275
12:53:59,-54,-65.71428571,1276
12:53:59,-50,-67.35714286,1277
12:53:59,-33,-69.07142857,1278
12:53:59,-70,-70.64285714,1279
12:53:59,-79,-69.07142857,1280
12:53:59,-52,-65.78571429,1281
12:53:59,-62,-66.85714286,1282
12:53:59,-57,-68.21428571,1283
12:53:59,-55,-67.78571429,1284
12:53:59,-83,-68.21428571,1285
12:53:59,-83,-66.35714286,1286
12:53:59,-81,-64.14285714,1287
12:54:04,-79,-64.28571429,1288
12:54:04,-82,-64.57142857,1289
12:54:04,-77,-64.5,1290
12:54:04,-74,-64.64285714,1291
12:54:04,-55,-65.21428571,1292
12:54:04,-48,-66.85714286,1293
12:54:04,-33,-68.92857143,1294
12:54:04,-67,-70.42857143,1295
12:54:04,-81,-69.21428571,1296
12:54:04,-51,-65.78571429,1297
12:54:04,-61,-67.07142857,1298
12:54:04,-57,-68.5,1299
12:54:04,-52,-68.21428571,1300
12:54:04,-83,-69.5,1301
12:54:04,-83,-67.64285714,1302
12:54:04,-81,-65.57142857,1303
12:54:09,-79,-65.71428571,1304
12:54:09,-82,-66,1305
12:54:09,-78,-65.92857143,1306
12:54:09,-77,-66,1307
12:54:09,-54,-66.35714286,1308
12:54:09,-50,-67.85714286,1309
12:54:09,-33,-69.35714286,1310
12:54:09,-69,-70.85714286,1311
12:54:09,-81,-69.28571429,1312
12:54:09,-53,-65.78571429,1313
12:54:09,-70,-67.07142857,1314
12:54:09,-57,-67.85714286,1315
12:54:09,-54,-67.57142857,1316
12:54:09,-83,-68.07142857,1317
12:54:09,-83,-66.21428571,1318
12:54:09,-81,-63.92857143,1319
12:54:14,-79,-64.07142857,1320
12:54:14,-82,-64.35714286,1321
12:54:14,-75,-64.28571429,1322
12:54:14,-71,-64.57142857,1323
12:54:14,-54,-65.35714286,1324
12:54:14,-47,-67.07142857,1325
12:54:14,-32,-69.07142857,1326
12:54:14,-71,-70.57142857,1327
12:54:14,-81,-69.14285714,1328
12:54:14,-53,-65.71428571,1329
12:54:14,-61,-67,1330
12:54:14,-57,-68.5,1331
12:54:14,-51,-68.14285714,1332
12:54:14,-83,-68.85714286,1333
12:54:14,-83,-67,1334
12:54:14,-81,-65,1335
12:54:19,-79,-65.14285714,1336
12:54:19,-82,-65.42857143,1337
12:54:19,-78,-65.35714286,1338
12:54:19,-75,-65.42857143,1339
12:54:19,-53,-65.92857143,1340
12:54:19,-51,-67.5,1341
12:54:19,-33,-69,1342
12:54:19,-71,-70.57142857,1343
12:54:19,-82,-68.85714286,1344
12:54:19,-52,-65.35714286,1345
12:54:19,-61,-66.57142857,1346
12:54:19,-57,-68.07142857,1347
12:54:19,-55,-67.71428571,1348
12:54:19,-83,-68.21428571,1349
12:54:19,-83,-66.78571429,1350
12:54:19,-81,-64.42857143,1351
12:54:24,-79,-64.57142857,1352
12:54:24,-82,-64.85714286,1353
12:54:24,-75,-64.78571429,1354
12:54:24,-72,-65.07142857,1355
12:54:25,-55,-65.78571429,1356
12:54:25,-47,-67.35714286,1357
12:54:25,-33,-69.57142857,1358
12:54:25,-69,-71,1359
12:54:25,-82,-69.71428571,1360
12:54:25,-52,-66.21428571,1361
12:54:25,-62,-67.64285714,1362
12:54:25,-63,-69.07142857,1363
12:54:25,-50,-68.35714286,1364
12:54:25,-83,-69.21428571,1365
12:54:25,-83,-67.42857143,1366
12:54:25,-81,-65.35714286,1367
12:54:30,-79,-65.5,1368
12:54:30,-82,-65.78571429,1369
12:54:30,-77,-65.71428571,1370
12:54:30,-78,-66,1371
12:54:30,-53,-66.28571429,1372
12:54:30,-51,-67.85714286,1373
12:54:30,-33,-69.28571429,1374
12:54:30,-72,-70.85714286,1375
12:54:30,-82,-69.14285714,1376
12:54:30,-53,-65.64285714,1377
12:54:30,-62,-66.71428571,1378
12:54:30,-58,-68.14285714,1379
12:54:30,-54,-67.71428571,1380
12:54:30,-83,-68.35714286,1381
12:54:30,-83,-66.85714286,1382
12:54:30,-81,-64.5,1383
12:54:35,-81,-64.64285714,1384
12:54:35,-82,-64.78571429,1385
12:54:35,-75,-64.71428571,1386
12:54:35,-71,-65.14285714,1387
12:54:35,-55,-65.92857143,1388
12:54:35,-48,-67.5,1389
12:54:35,-33,-69.64285714,1390
12:54:35,-68,-71.07142857,1391
12:54:35,-82,-69.78571429,1392
12:54:35,-52,-66.28571429,1393
12:54:35,-63,-67.71428571,1394
12:54:35,-62,-69.07142857,1395
12:54:35,-50,-68.35714286,1396
12:54:35,-83,-70,1397
12:54:35,-83,-68.14285714,1398
12:54:35,-81,-66,1399
12:54:40,-81,-66.14285714,1400
12:54:40,-82,-66.28571429,1401
12:54:40,-77,-66.21428571,1402
12:54:40,-78,-66.42857143,1403
12:54:40,-53,-66.85714286,1404
12:54:40,-50,-68.42857143,1405
12:54:40,-33,-70.71428571,1406
12:54:40,-72,-73.42857143,1407
12:54:40,-82,-72.21428571,1408
12:54:40,-52,-69.71428571,1409
12:54:40,-73,-68.35714286,1410
12:54:40,-57,-68.07142857,1411
12:54:40,-53,-69.85714286,1412
12:54:40,-83,-69.71428571,1413
12:54:40,-83,-68.14285714,1414
12:54:40,-81,-66.64285714,1415
12:54:45,-80,-64.42857143,1416
12:54:45,-84,-64.64285714,1417
12:54:45,-75,-64.57142857,1418
12:54:45,-82,-65,1419
12:54:45,-71,-64.85714286,1420
12:54:45,-55,-65.78571429,1421
12:54:45,-47,-67.21428571,1422
12:54:45,-33,-69.71428571,1423
12:54:45,-69,-72.92857143,1424
12:54:45,-82,-71.78571429,1425
12:54:45,-51,-69.57142857,1426
12:54:45,-61,-68.28571429,1427
12:54:45,-62,-69.21428571,1428
12:54:45,-50,-70.64285714,1429
12:54:45,-83,-70.85714286,1430
12:54:45,-83,-70,1431
12:54:45,-81,-68.21428571,1432
12:54:50,-80,-66.21428571,1433
12:54:50,-84,-66.42857143,1434
12:54:50,-75,-66.35714286,1435
12:54:50,-82,-66.78571429,1436
12:54:50,-78,-63.28571429,1437
12:54:50,-53,-63.5,1438
12:54:50,-51,-65.71428571,1439
12:54:50,-33,-67.42857143,1440
12:54:50,-74,-70.92857143,1441
12:54:50,-82,-70.71428571,1442
12:54:50,-53,-68.78571429,1443
12:54:50,-71,-68.42857143,1444
12:54:50,-58,-68.28571429,1445
12:54:50,-53,-69.92857143,1446
12:54:50,-83,-69.85714286,1447
12:54:50,-83,-69,1448
12:54:50,-81,-67.5,1449
12:54:55,-33,-65.21428571,1450
12:54:55,-81,-68.78571429,1451
12:54:55,-84,-68.92857143,1452
12:54:55,-75,-68.78571429,1453
12:54:55,-82,-69.21428571,1454
12:54:55,-71,-69.35714286,1455
12:54:55,-55,-69.85714286,1456
12:54:55,-48,-71.78571429,1457
12:54:55,-69,-73.92857143,1458
12:54:55,-81,-72.78571429,1459
12:54:55,-52,-70.57142857,1460
12:54:55,-71,-69.21428571,1461
12:54:55,-62,-69.35714286,1462
12:54:55,-49,-70.85714286,1463
12:54:55,-83,-71.07142857,1464
12:54:55,-83,-70.21428571,1465
12:54:55,-82,-68.35714286,1466
12:55:00,-81,-66.35714286,1467
12:55:00,-84,-66.5,1468
12:55:00,-78,-66.42857143,1469
12:55:00,-82,-66.71428571,1470
12:55:00,-78,-66.64285714,1471
12:55:00,-53,-67.07142857,1472
12:55:00,-50,-68.57142857,1473
12:55:00,-33,-70.85714286,1474
12:55:00,-73,-73.64285714,1475
12:55:00,-83,-72.28571429,1476
12:55:00,-52,-69.64285714,1477
12:55:00,-71,-68.35714286,1478
12:55:00,-57,-68.21428571,1479
12:55:00,-54,-70.07142857,1480
12:55:00,-83,-69.78571429,1481
12:55:00,-83,-68.92857143,1482
12:55:00,-82,-67.07142857,1483
12:55:05,-81,-64.78571429,1484
12:55:05,-84,-64.92857143,1485
12:55:05,-74,-64.85714286,1486
12:55:05,-82,-65.42857143,1487
12:55:05,-72,-65.35714286,1488
12:55:05,-54,-66.21428571,1489
12:55:05,-46,-68,1490
12:55:05,-34,-70.57142857,1491
12:55:05,-69,-73.64285714,1492
12:55:05,-83,-72.57142857,1493
12:55:05,-50,-70.28571429,1494
12:55:05,-71,-69.07142857,1495
12:55:05,-57,-69.07142857,1496
12:55:05,-50,-71,1497
12:55:05,-83,-71.14285714,1498
12:55:05,-83,-70.42857143,1499
12:55:05,-82,-68.57142857,1500
12:55:10,-81,-66.42857143,1501
12:55:10,-84,-66.57142857,1502
12:55:10,-79,-66.5,1503
12:55:10,-82,-66.71428571,1504
12:55:10,-77,-66.64285714,1505
12:55:10,-54,-67.14285714,1506
12:55:10,-51,-68.71428571,1507
12:55:10,-33,-70.92857143,1508
12:55:10,-71,-73.71428571,1509
12:55:10,-84,-72.57142857,1510
12:55:10,-52,-70,1511
12:55:10,-73,-68.64285714,1512
12:55:10,-57,-68.35714286,1513
12:55:10,-52,-70.28571429,1514
12:55:10,-83,-70.35714286,1515
12:55:10,-83,-68.78571429,1516
12:55:10,-82,-67.35714286,1517
12:55:15,-81,-65,1518
12:55:15,-84,-65.14285714,1519
12:55:15,-76,-65,1520
12:55:15,-82,-65.35714286,1521
12:55:15,-72,-65.5,1522
12:55:15,-55,-65.92857143,1523
12:55:15,-48,-67.85714286,1524
12:55:15,-33,-69.92857143,1525
12:55:15,-69,-71.35714286,1526
12:55:15,-84,-70,1527
12:55:15,-53,-66.35714286,1528
12:55:15,-61,-67.57142857,1529
12:55:15,-63,-69.21428571,1530
12:55:15,-49,-68.42857143,1531
12:55:15,-83,-69.28571429,1532
12:55:15,-82,-67.85714286,1533
12:55:20,-81,-65.71428571,1534
12:55:20,-84,-65.85714286,1535
12:55:20,-78,-65.71428571,1536
12:55:20,-82,-65.85714286,1537
12:55:20,-77,-66,1538
12:55:20,-53,-65.92857143,1539
12:55:20,-50,-68,1540
12:55:20,-33,-69.57142857,1541
12:55:20,-70,-71.14285714,1542
12:55:20,-84,-69.5,1543
12:55:20,-52,-65.85714286,1544
12:55:20,-61,-67,1545
12:55:20,-63,-68.42857143,1546
12:55:20,-52,-67.71428571,1547
12:55:20,-83,-68.35714286,1548
12:55:20,-82,-66.92857143,1549
12:55:25,-80,-64.5,1550
12:55:25,-84,-64.71428571,1551
12:55:25,-76,-64.57142857,1552
12:55:25,-82,-64.85714286,1553
12:55:25,-72,-65,1554
12:55:25,-55,-65.35714286,1555
12:55:25,-47,-67.28571429,1556
12:55:25,-33,-69.42857143,1557
12:55:25,-68,-70.85714286,1558
12:55:25,-81,-69.71428571,1559
12:55:25,-53,-66.28571429,1560
12:55:25,-61,-67.71428571,1561
12:55:25,-63,-69.35714286,1562
12:55:25,-48,-68.57142857,1563
12:55:25,-83,-70.35714286,1564
12:55:25,-82,-68.57142857,1565
12:55:30,-80,-66.42857143,1566
12:55:30,-84,-66.64285714,1567
12:55:30,-77,-66.5,1568
12:55:30,-82,-66.78571429,1569
12:55:30,-77,-66.92857143,1570
12:55:30,-53,-66.92857143,1571
12:55:30,-52,-68.92857143,1572
12:55:30,-33,-70.42857143,1573
12:55:30,-73,-71.92857143,1574
12:55:30,-84,-70.28571429,1575
12:55:30,-52,-66.64285714,1576
12:55:30,-73,-67.78571429,1577
12:55:30,-58,-68.5,1578
12:55:30,-52,-68,1579
12:55:30,-83,-68.92857143,1580
12:55:30,-82,-67.5,1581
12:55:35,-81,-64.92857143,1582
12:55:35,-84,-65,1583
12:55:35,-77,-64.78571429,1584
12:55:35,-81,-65.28571429,1585
12:55:35,-73,-64.92857143,1586
12:55:35,-54,-65.5,1587
12:55:35,-50,-67.21428571,1588
12:55:35,-33,-67.5,1589
12:55:35,-68,-68.71428571,1590
12:55:35,-83,-66.21428571,1591
12:55:35,-51,-65.35714286,1592
12:55:35,-65,-67.64285714,1593
12:55:35,-63,-66.57142857,1594
12:55:35,-46,-66.71428571,1595
12:55:35,-82,-67.92857143,1596
12:55:40,-81,-65.64285714,1597
12:55:40,-84,-65.71428571,1598
12:55:40,-76,-65.42857143,1599
12:55:40,-81,-66,1600
12:55:40,-78,-65.64285714,1601
12:55:40,-54,-65.85714286,1602
12:55:40,-50,-67.21428571,1603
12:55:40,-33,-67.57142857,1604
12:55:40,-71,-68.78571429,1605
12:55:40,-83,-66.07142857,1606
12:55:40,-50,-65,1607
12:55:40,-65,-67.35714286,1608
12:55:40,-63,-66.35714286,1609
12:55:40,-50,-66.42857143,1610
12:55:40,-82,-67.42857143,1611
12:55:45,-80,-64.92857143,1612
12:55:45,-84,-65.07142857,1613
12:55:45,-76,-64.78571429,1614
12:55:45,-81,-65.35714286,1615
12:55:45,-73,-65.14285714,1616
12:55:45,-55,-65.71428571,1617
12:55:45,-50,-67.35714286,1618
12:55:45,-33,-67.64285714,1619
12:55:45,-68,-69.14285714,1620
12:55:45,-83,-66.57142857,1621
12:55:45,-51,-65.64285714,1622
12:55:45,-64,-68,1623
12:55:45,-64,-67.78571429,1624
12:55:45,-47,-68.21428571,1625
12:55:45,-82,-68.71428571,1626
12:55:50,-80,-66.57142857,1627
12:55:50,-84,-66.71428571,1628
12:55:50,-78,-66.42857143,1629
12:55:50,-81,-66.85714286,1630
12:55:50,-78,-66.64285714,1631
12:55:50,-54,-66.85714286,1632
12:55:50,-54,-68.21428571,1633
12:55:50,-32,-68.28571429,1634
12:55:50,-70,-70.28571429,1635
12:55:50,-84,-67.64285714,1636
12:55:50,-61,-66.64285714,1637
12:55:50,-70,-68,1638
12:55:50,-54,-67.28571429,1639
12:55:50,-52,-68.42857143,1640
12:55:50,-82,-68.57142857,1641
12:55:56,-80,-65.85714286,1642
12:55:56,-84,-66,1643
12:55:56,-78,-65.71428571,1644
12:55:56,-81,-66.14285714,1645
12:55:56,-73,-65.78571429,1646
12:55:56,-55,-66.35714286,1647
12:55:56,-60,-68,1648
12:55:56,-33,-67.57142857,1649
12:55:56,-70,-69.14285714,1650
12:55:56,-80,-66.5,1651
12:55:56,-60,-65.85714286,1652
12:55:56,-70,-67.42857143,1653
12:55:56,-54,-66.85714286,1654
12:55:56,-44,-68,1655
12:55:56,-82,-68.85714286,1656
12:56:01,-80,-66.64285714,1657
12:56:01,-84,-66.78571429,1658
12:56:01,-76,-66.5,1659
12:56:01,-81,-67.07142857,1660
12:56:01,-78,-66.71428571,1661
12:56:01,-54,-66.92857143,1662
12:56:01,-55,-68.14285714,1663
12:56:01,-33,-68.14285714,1664
12:56:01,-71,-70.28571429,1665
12:56:01,-82,-67.57142857,1666
12:56:01,-62,-66.57142857,1667
12:56:01,-70,-68,1668
12:56:01,-56,-67.28571429,1669
12:56:01,-51,-67.71428571,1670
12:56:01,-82,-68.42857143,1671
12:56:06,-80,-65.71428571,1672
12:56:06,-84,-65.85714286,1673
12:56:06,-76,-65.57142857,1674
12:56:06,-81,-66.14285714,1675
12:56:06,-71,-65.92857143,1676
12:56:06,-55,-66.64285714,1677
12:56:06,-63,-68.35714286,1678
12:56:06,-33,-67.71428571,1679
12:56:06,-68,-69.28571429,1680
12:56:06,-82,-66.78571429,1681
12:56:06,-60,-66.07142857,1682
12:56:06,-62,-67.64285714,1683
12:56:06,-61,-67.42857143,1684
12:56:06,-44,-67.78571429,1685
12:56:06,-82,-68.5,1686
12:56:11,-80,-65.92857143,1687
12:56:11,-84,-66.07142857,1688
12:56:11,-78,-65.85714286,1689
12:56:11,-81,-66.28571429,1690
12:56:11,-79,-65.92857143,1691
12:56:11,-54,-66.07142857,1692
12:56:11,-55,-67.78571429,1693
12:56:11,-33,-67.64285714,1694
12:56:11,-72,-69.21428571,1695
12:56:11,-82,-66.42857143,1696
12:56:11,-59,-65.71428571,1697
12:56:11,-66,-67.35714286,1698
12:56:11,-54,-66.92857143,1699
12:56:11,-46,-67.42857143,1700
12:56:11,-82,-68.07142857,1701
12:56:16,-81,-65.92857143,1702
12:56:16,-84,-65.92857143,1703
12:56:16,-76,-65.78571429,1704
12:56:16,-81,-66.35714286,1705
12:56:16,-78,-66.07142857,1706
12:56:16,-53,-66.28571429,1707
12:56:16,-55,-67.71428571,1708
12:56:16,-33,-67.57142857,1709
12:56:16,-72,-69.78571429,1710
12:56:16,-82,-67.07142857,1711
12:56:16,-60,-66.07142857,1712
12:56:16,-61,-67.57142857,1713
12:56:16,-55,-67.5,1714
12:56:16,-52,-68,1715
12:56:16,-81,-68.78571429,1716
12:56:21,-82,-65.85714286,1717
12:56:21,-84,-65.92857143,1718
12:56:21,-77,-65.78571429,1719
12:56:21,-81,-66.28571429,1720
12:56:21,-73,-65.85714286,1721
12:56:21,-53,-66.42857143,1722
12:56:21,-64,-68.21428571,1723
12:56:21,-34,-67.5,1724
12:56:21,-68,-68.92857143,1725
12:56:21,-81,-66.42857143,1726
12:56:21,-60,-65.71428571,1727
12:56:21,-62,-67.21428571,1728
12:56:21,-63,-67.07142857,1729
12:56:21,-40,-67.42857143,1730
12:56:21,-83,-68.5,1731
12:56:26,-82,-66.21428571,1732
12:56:26,-84,-66.28571429,1733
12:56:26,-75,-66.14285714,1734
12:56:26,-81,-66.78571429,1735
12:56:26,-78,-66.71428571,1736
12:56:26,-54,-66.92857143,1737
12:56:26,-54,-68.14285714,1738
12:56:26,-33,-68,1739
12:56:26,-71,-70.14285714,1740
12:56:26,-81,-67.42857143,1741
12:56:26,-60,-66.57142857,1742
12:56:26,-68,-68.07142857,1743
12:56:26,-55,-67.5,1744
12:56:26,-51,-68,1745
12:56:26,-83,-68.78571429,1746
12:56:31,-82,-65.57142857,1747
12:56:31,-84,-65.64285714,1748
12:56:31,-80,-65.5,1749
12:56:31,-81,-65.78571429,1750
12:56:31,-71,-65.5,1751
12:56:31,-52,-66.21428571,1752
12:56:31,-63,-68.07142857,1753
12:56:31,-33,-67.42857143,1754
12:56:31,-69,-69,1755
12:56:31,-81,-66.57142857,1756
12:56:31,-60,-65.85714286,1757
12:56:31,-62,-67.42857143,1758
12:56:31,-62,-67.64285714,1759
12:56:31,-38,-68.14285714,1760
12:56:31,-83,-69.5,1761
12:56:36,-82,-67,1762
12:56:36,-84,-67.07142857,1763
12:56:36,-77,-66.85714286,1764
12:56:36,-81,-66.71428571,1765
12:56:36,-78,-66.71428571,1766
12:56:36,-54,-66.28571429,1767
12:56:36,-55,-66.35714286,1768
12:56:36,-35,-66.35714286,1769
12:56:36,-71,-66.35714286,1770
12:56:36,-82,-66.14285714,1771
12:56:36,-65,-66.07142857,1772
12:56:36,-69,-65.57142857,1773
12:56:36,-57,-65.57142857,1774
12:56:36,-48,-65.57142857,1775
12:56:36,-83,-64.85714286,1776
12:56:41,-81,-64.92857143,1777
12:56:41,-75,-64.92857143,1778
12:56:41,-81,-65.07142857,1779
12:56:41,-72,-65.07142857,1780
12:56:41,-55,-65.42857143,1781
12:56:41,-55,-65.21428571,1782
12:56:41,-35,-65.14285714,1783
12:56:41,-68,-65.21428571,1784
12:56:41,-81,-65.57142857,1785
12:56:41,-58,-65.85714286,1786
12:56:41,-69,-66.07142857,1787
12:56:41,-57,-66,1788
12:56:41,-38,-65.92857143,1789
12:56:41,-84,-66.57142857,1790
12:56:46,-81,-66.57142857,1791
12:56:46,-77,-66.71428571,1792
12:56:46,-81,-66.64285714,1793
12:56:46,-77,-66.64285714,1794
12:56:46,-52,-66.28571429,1795
12:56:46,-54,-66.28571429,1796
12:56:46,-36,-66.42857143,1797
12:56:46,-73,-66.28571429,1798
12:56:46,-85,-65.85714286,1799
12:56:46,-61,-65.57142857,1800
12:56:46,-68,-65.21428571,1801
12:56:46,-56,-64.78571429,1802
12:56:46,-47,-64.78571429,1803
12:56:46,-84,-64.14285714,1804
12:56:51,-83,-64.14285714,1805
12:56:51,-76,-64.14285714,1806
12:56:51,-81,-64.42857143,1807
12:56:51,-72,-64.42857143,1808
12:56:51,-52,-64.85714286,1809
12:56:51,-56,-65,1810
12:56:51,-34,-65.07142857,1811
12:56:51,-67,-65.14285714,1812
12:56:51,-81,-65.28571429,1813
12:56:51,-56,-65.28571429,1814
12:56:51,-62,-65,1815
12:56:51,-56,-65.14285714,1816
12:56:51,-38,-65.14285714,1817
12:56:51,-84,-65.21428571,1818
12:56:56,-83,-65.21428571,1819
12:56:56,-80,-65.07142857,1820
12:56:56,-81,-64.85714286,1821
12:56:56,-78,-64.85714286,1822
12:56:56,-54,-64.85714286,1823
12:56:56,-57,-65.14285714,1824
12:56:56,-35,-65.07142857,1825
12:56:56,-69,-65.14285714,1826
12:56:56,-81,-65.14285714,1827
12:56:56,-52,-65.14285714,1828
12:56:56,-64,-65.57142857,1829
12:56:56,-56,-65.57142857,1830
12:56:56,-39,-66,1831
12:56:56,-84,-65.92857143,1832
12:57:01,-81,-65.85714286,1833
12:57:01,-77,-65.85714286,1834
12:57:01,-81,-65.92857143,1835
12:57:01,-78,-65.92857143,1836
12:57:01,-58,-65.85714286,1837
12:57:01,-56,-65.57142857,1838
12:57:01,-36,-65.42857143,1839
12:57:01,-69,-65.42857143,1840
12:57:01,-81,-65.57142857,1841
12:57:01,-58,-65.64285714,1842
12:57:01,-64,-65.21428571,1843
12:57:01,-62,-65.35714286,1844
12:57:01,-38,-64.85714286,1845
12:57:01,-83,-65,1846
12:57:06,-81,-65,1847
12:57:06,-78,-65.07142857,1848
12:57:06,-81,-64.85714286,1849
12:57:06,-77,-64.85714286,1850
12:57:06,-54,-64.35714286,1851
12:57:06,-54,-64.71428571,1852
12:57:06,-36,-64.71428571,1853
12:57:06,-71,-64.64285714,1854
12:57:06,-82,-64.5,1855
12:57:06,-52,-64.35714286,1856
12:57:06,-66,-64.64285714,1857
12:57:06,-55,-64.64285714,1858
12:57:06,-40,-64.64285714,1859
12:57:06,-83,-64.57142857,1860
12:57:11,-82,-64.57142857,1861
12:57:11,-75,-64.57142857,1862
12:57:11,-81,-64.57142857,1863
12:57:11,-70,-64.57142857,1864
12:57:11,-59,-65.07142857,1865
12:57:11,-54,-64.71428571,1866
12:57:11,-35,-64.35714286,1867
12:57:11,-69,-64.42857143,1868
12:57:11,-80,-64.78571429,1869
12:57:11,-56,-65,1870
12:57:11,-66,-64.92857143,1871
12:57:11,-55,-64.5,1872
12:57:11,-39,-64.5,1873
12:57:11,-83,-64.42857143,1874
12:57:17,-82,-64.42857143,1875
12:57:17,-75,-64.42857143,1876
12:57:17,-81,-64.57142857,1877
12:57:17,-77,-64.57142857,1878
12:57:17,-54,-64.21428571,1879
12:57:17,-49,-64.42857143,1880
12:57:17,-36,-64.92857143,1881
12:57:17,-74,-64.92857143,1882
12:57:17,-83,-64.57142857,1883
12:57:17,-55,-64.57142857,1884
12:57:17,-60,-64.35714286,1885
12:57:17,-55,-64.35714286,1886
12:57:17,-38,-64.35714286,1887
12:57:17,-83,-64.28571429,1888
12:57:22,-82,-64.28571429,1889
12:57:22,-77,-64.28571429,1890
12:57:22,-81,-64.21428571,1891
12:57:22,-72,-64.21428571,1892
12:57:22,-57,-64.42857143,1893
12:57:22,-56,-64.14285714,1894
12:57:22,-36,-63.57142857,1895
12:57:22,-69,-63.5,1896
12:57:22,-83,-63.71428571,1897
12:57:22,-52,-63.71428571,1898
12:57:22,-60,-63.85714286,1899
12:57:22,-55,-63.85714286,1900
12:57:22,-37,-63.85714286,1901
12:57:22,-83,-64.5,1902
12:57:27,-82,-64.5,1903
12:57:27,-76,-64.42857143,1904
12:57:27,-81,-64.5,1905
12:57:27,-75,-64.07142857,1906
12:57:27,-53,-62.78571429,1907
12:57:27,-48,-62.71428571,1908
12:57:27,-35,-61.78571429,1909
12:57:27,-72,-64.28571429,1910
12:57:27,-83,-64.85714286,1911
12:57:27,-54,-63.14285714,1912
12:57:27,-60,-63.64285714,1913
12:57:27,-55,-63.64285714,1914
12:57:27,-46,-62.71428571,1915
12:57:27,-83,-65.35714286,1916
12:57:32,-81,-65.21428571,1917
12:57:32,-77,-64.92857143,1918
12:57:32,-75,-65.07142857,1919
12:57:32,-57,-63.5,1920
12:57:32,-52,-63,1921
12:57:32,-35,-61.85714286,1922
12:57:32,-70,-64.35714286,1923
12:57:32,-80,-65.21428571,1924
12:57:32,-59,-63.42857143,1925
12:57:32,-61,-63.57142857,1926
12:57:32,-60,-63.5,1927
12:57:32,-42,-62.64285714,1928
12:57:32,-83,-65.57142857,1929
12:57:37,-81,-62.21428571,1930
12:57:37,-77,-62.28571429,1931
12:57:37,-79,-62.14285714,1932
12:57:37,-53,-61.5,1933
12:57:37,-50,-61.92857143,1934
12:57:37,-36,-62.28571429,1935
12:57:37,-70,-64.71428571,1936
12:57:37,-82,-65.35714286,1937
12:57:37,-55,-63.5,1938
12:57:37,-61,-63.85714286,1939
12:57:37,-60,-64.07142857,1940
12:57:37,-48,-62.92857143,1941
12:57:37,-83,-65.42857143,1942
12:57:42,-36,-61.92857143,1943
12:57:42,-82,-65.21428571,1944
12:57:42,-75,-64.85714286,1945
12:57:42,-70,-64.92857143,1946
12:57:42,-59,-63.78571429,1947
12:57:42,-55,-63.14285714,1948
12:57:42,-70,-64.28571429,1949
12:57:42,-79,-64.92857143,1950
12:57:42,-56,-63.21428571,1951
12:57:42,-60,-63.78571429,1952
12:57:42,-64,-64.07142857,1953
12:57:42,-44,-63.14285714,1954
12:57:42,-83,-65.92857143,1955
12:57:47,-34,-65.85714286,1956
12:57:47,-82,-68.85714286,1957
12:57:47,-77,-68.07142857,1958
12:57:47,-76,-66.42857143,1959
12:57:47,-54,-65.14285714,1960
12:57:47,-50,-63.71428571,1961
12:57:47,-71,-65.07142857,1962
12:57:47,-79,-65.57142857,1963
12:57:47,-55,-63.92857143,1964
12:57:47,-64,-64.57142857,1965
12:57:47,-64,-64.57142857,1966
12:57:47,-51,-62.64285714,1967
12:57:47,-83,-64.92857143,1968
12:57:52,-82,-64.85714286,1969
12:57:52,-76,-64.5,1970
12:57:52,-71,-64.64285714,1971
12:57:52,-54,-63.35714286,1972
12:57:52,-58,-63.28571429,1973
12:57:52,-34,-61.64285714,1974
12:57:52,-69,-64.35714286,1975
12:57:52,-78,-65.14285714,1976
12:57:52,-56,-63.71428571,1977
12:57:52,-64,-64.28571429,1978
12:57:52,-64,-64.28571429,1979
12:57:52,-37,-63.07142857,1980
12:57:52,-83,-66.35714286,1981
12:57:57,-82,-66.28571429,1982
12:57:57,-77,-65.92857143,1983
12:57:57,-78,-65.42857143,1984
12:57:57,-53,-63.78571429,1985
12:57:57,-53,-63.78571429,1986
12:57:57,-35,-62.5,1987
12:57:57,-72,-64.85714286,1988
12:57:57,-80,-65.28571429,1989
12:57:57,-58,-63.64285714,1990
12:57:57,-64,-63.78571429,1991
12:57:57,-64,-63.57142857,1992
12:57:57,-47,-61.85714286,1993
12:57:57,-83,-64.42857143,1994
12:58:02,-82,-64.35714286,1995
12:58:02,-77,-64,1996
12:58:02,-70,-63.92857143,1997
12:58:02,-55,-62.78571429,1998
12:58:02,-53,-62.64285714,1999
12:58:02,-35,-61.35714286,2000
12:58:02,-68,-64.07142857,2001
12:58:02,-78,-65.07142857,2002
12:58:02,-57,-63.21428571,2003
12:58:02,-60,-63.57142857,2004
12:58:02,-61,-63.64285714,2005
12:58:02,-40,-62.35714286,2006
12:58:02,-83,-65.42857143,2007
12:58:07,-82,-65.35714286,2008
12:58:07,-77,-64.92857143,2009
12:58:07,-76,-64.42857143,2010
12:58:07,-54,-63,2011
12:58:07,-53,-62.64285714,2012
12:58:07,-35,-61.35714286,2013
12:58:07,-73,-63.78571429,2014
12:58:07,-82,-64.35714286,2015
12:58:07,-52,-62.42857143,2016
12:58:07,-62,-62.78571429,2017
12:58:07,-61,-62.71428571,2018
12:58:07,-43,-61.14285714,2019
12:58:07,-83,-64,2020
12:58:12,-82,-63.92857143,2021
12:58:12,-76,-63.5,2022
12:58:12,-70,-63.57142857,2023
12:58:12,-56,-62.35714286,2024
12:58:12,-49,-61.85714286,2025
12:58:12,-35,-60.85714286,2026
12:58:12,-69,-63.57142857,2027
12:58:12,-81,-64.57142857,2028
12:58:12,-55,-62.42857143,2029
12:58:12,-57,-63.21428571,2030
12:58:12,-61,-63,2031
12:58:12,-39,-61.5,2032
12:58:12,-83,-64.64285714,2033
12:58:17,-82,-64.57142857,2034
12:58:17,-76,-64.28571429,2035
12:58:17,-77,-64.07142857,2036
12:58:17,-53,-62.42857143,2037
12:58:17,-49,-62.42857143,2038
12:58:17,-35,-61.35714286,2039
12:58:17,-73,-63.71428571,2040
12:58:17,-83,-64.14285714,2041
12:58:17,-51,-62.21428571,2042
12:58:17,-66,-62.78571429,2043
12:58:17,-54,-61.92857143,2044
12:58:17,-40,-60.85714286,2045
12:58:17,-83,-63.92857143,2046
12:58:22,-82,-63.85714286,2047
12:58:22,-78,-63.35714286,2048
12:58:22,-73,-63.21428571,2049
12:58:22,-54,-61.85714286,2050
12:58:22,-53,-61.5,2051
12:58:22,-34,-60.21428571,2052
12:58:22,-68,-62.85714286,2053
12:58:22,-79,-63.92857143,2054
12:58:22,-56,-61.85714286,2055
12:58:22,-59,-62.07142857,2056
12:58:22,-54,-61.71428571,2057
12:58:22,-39,-61.21428571,2058
12:58:22,-83,-64.35714286,2059
12:58:27,-82,-60.92857143,2060
12:58:27,-75,-60.78571429,2061
12:58:27,-76,-60.85714286,2062
12:58:27,-54,-60.42857143,2063
12:58:27,-49,-60.5,2064
12:58:27,-35,-61.21428571,2065
12:58:27,-71,-63.57142857,2066
12:58:27,-83,-64.14285714,2067
12:58:27,-50,-62.07142857,2068
12:58:27,-59,-62.64285714,2069
12:58:27,-54,-62.5,2070
12:58:27,-47,-61.71428571,2071
12:58:27,-83,-64.21428571,2072
12:58:32,-35,-64,2073
12:58:32,-80,-66.92857143,2074
12:58:32,-76,-66.71428571,2075
12:58:32,-70,-65.07142857,2076
12:58:32,-55,-63.64285714,2077
12:58:32,-59,-62.21428571,2078
12:58:32,-68,-63.07142857,2079
12:58:32,-79,-63.85714286,2080
12:58:32,-54,-61.85714286,2081
12:58:32,-58,-62.57142857,2082
12:58:32,-57,-62.35714286,2083
12:58:32,-43,-61.35714286,2084
12:58:32,-82,-64.14285714,2085
12:58:37,-80,-64.07142857,2086
12:58:37,-76,-64.07142857,2087
12:58:37,-77,-63.78571429,2088
12:58:37,-53,-62.21428571,2089
12:58:37,-50,-62.35714286,2090
12:58:37,-35,-61.14285714,2091
12:58:37,-71,-63.71428571,2092
12:58:37,-79,-64.28571429,2093
12:58:37,-51,-62.35714286,2094
12:58:37,-64,-62.92857143,2095
12:58:37,-55,-62.21428571,2096
12:58:37,-43,-61.57142857,2097
12:58:37,-82,-64.28571429,2098
12:58:42,-81,-64.28571429,2099
12:58:42,-80,-64.28571429,2100
12:58:42,-72,-64.21428571,2101
12:58:42,-55,-64.42857143,2102
12:58:42,-55,-64.35714286,2103
12:58:42,-33,-63.85714286,2104
12:58:42,-71,-63.85714286,2105
12:58:42,-79,-63.85714286,2106
12:58:42,-52,-63.71428571,2107
12:58:42,-59,-63.78571429,2108
12:58:42,-54,-64,2109
12:58:42,-46,-63.85714286,2110
12:58:42,-81,-64.07142857,2111
12:58:42,-82,-64.21428571,2112
12:58:47,-81,-64.14285714,2113
12:58:47,-79,-64.21428571,2114
12:58:47,-75,-61.14285714,2115
12:58:47,-54,-61.57142857,2116
12:58:47,-48,-63.21428571,2117
12:58:47,-33,-64.92857143,2118
12:58:47,-71,-66.42857143,2119
12:58:47,-77,-65.07142857,2120
12:58:47,-53,-64.5,2121
12:58:47,-62,-66.21428571,2122
12:58:47,-52,-65.78571429,2123
12:58:47,-49,-66.5,2124
12:58:47,-83,-66.92857143,2125
12:58:47,-81,-64.42857143,2126
12:58:47,-82,-64.57142857,2127
12:58:52,-36,-64.5,2128
12:58:53,-81,-67.78571429,2129
12:58:53,-77,-67.78571429,2130
12:58:53,-72,-67.78571429,2131
12:58:53,-54,-68.21428571,2132
12:58:53,-52,-68.21428571,2133
12:58:53,-69,-67.92857143,2134
12:58:53,-77,-65.42857143,2135
12:58:53,-56,-65,2136
12:58:53,-62,-66.92857143,2137
12:58:53,-55,-66.14285714,2138
12:58:53,-48,-66.85714286,2139
12:58:53,-83,-67.28571429,2140
12:58:53,-81,-64.92857143,2141
12:58:53,-82,-65.07142857,2142
12:58:58,-81,-65,2143
12:58:58,-77,-65.07142857,2144
12:58:58,-78,-65.35714286,2145
12:58:58,-54,-65.42857143,2146
12:58:58,-48,-66.5,2147
12:58:58,-34,-66.92857143,2148
12:58:58,-71,-68.5,2149
12:58:58,-83,-65.78571429,2150
12:58:58,-51,-64.64285714,2151
12:58:58,-65,-66.57142857,2152
12:58:58,-54,-65.85714286,2153
12:58:58,-50,-66.21428571,2154
12:58:58,-83,-66.92857143,2155
12:58:58,-81,-64.07142857,2156
12:58:58,-82,-64.21428571,2157
12:59:03,-81,-64.14285714,2158
12:59:03,-79,-64.21428571,2159
12:59:03,-69,-64.35714286,2160
12:59:03,-54,-65,2161
12:59:03,-56,-66.71428571,2162
12:59:03,-33,-66.5,2163
12:59:03,-67,-67.57142857,2164
12:59:03,-78,-65.28571429,2165
12:59:03,-55,-64.85714286,2166
12:59:03,-59,-66.71428571,2167
12:59:03,-60,-66.14285714,2168
12:59:03,-43,-66.35714286,2169
12:59:03,-83,-67,2170
12:59:03,-81,-64.42857143,2171
12:59:03,-82,-64.57142857,2172
12:59:08,-81,-64.5,2173
12:59:08,-78,-64.57142857,2174
12:59:08,-78,-64.78571429,2175
12:59:08,-53,-64.85714286,2176
12:59:08,-48,-66,2177
12:59:08,-35,-66.42857143,2178
12:59:08,-72,-68.14285714,2179
12:59:08,-81,-65.5,2180
12:59:08,-51,-64.64285714,2181
12:59:08,-63,-66.78571429,2182
12:59:08,-52,-66.07142857,2183
12:59:08,-47,-66.5,2184
12:59:08,-83,-67.57142857,2185
12:59:08,-81,-64.78571429,2186
12:59:08,-82,-64.92857143,2187
12:59:13,-81,-64.85714286,2188
12:59:13,-79,-64.92857143,2189
12:59:13,-69,-65.07142857,2190
12:59:13,-54,-65.78571429,2191
12:59:13,-59,-67.28571429,2192
12:59:13,-35,-67,2193
12:59:13,-69,-68,2194
12:59:13,-81,-65.64285714,2195
12:59:13,-53,-64.92857143,2196
12:59:13,-58,-67,2197
12:59:13,-62,-66.5,2198
12:59:13,-44,-66.21428571,2199
12:59:13,-83,-67.5,2200
12:59:13,-81,-65,2201
12:59:13,-82,-65.14285714,2202
12:59:18,-81,-65.07142857,2203
12:59:18,-79,-65.14285714,2204
12:59:18,-75,-65.42857143,2205
12:59:18,-55,-65.5,2206
12:59:18,-49,-66.71428571,2207
12:59:18,-36,-67.14285714,2208
12:59:18,-71,-68.35714286,2209
12:59:18,-82,-65.64285714,2210
12:59:18,-51,-64.78571429,2211
12:59:18,-58,-67,2212
12:59:18,-62,-66.78571429,2213
12:59:18,-48,-66.5,2214
12:59:18,-83,-67.5,2215
12:59:18,-81,-65,2216
12:59:18,-82,-65.14285714,2217
12:59:23,-83,-65.07142857,2218
12:59:23,-76,-65,2219
12:59:23,-72,-65.5,2220
12:59:23,-55,-66,2221
12:59:23,-53,-67.64285714,2222
12:59:23,-33,-67.64285714,2223
12:59:23,-70,-68.71428571,2224
12:59:23,-82,-66.07142857,2225
12:59:23,-55,-65.21428571,2226
12:59:23,-58,-67,2227
12:59:23,-62,-66.5,2228
12:59:23,-48,-66.71428571,2229
12:59:23,-83,-66.92857143,2230
12:59:23,-81,-64.5,2231
12:59:23,-82,-64.64285714,2232
12:59:28,-83,-64.57142857,2233
12:59:28,-79,-64.5,2234
12:59:28,-78,-64.71428571,2235
12:59:28,-53,-64.71428571,2236
12:59:28,-48,-66,2237
12:59:28,-33,-66.64285714,2238
12:59:28,-70,-67.92857143,2239
12:59:28,-80,-65.28571429,2240
12:59:28,-51,-64.57142857,2241
12:59:28,-65,-66.35714286,2242
12:59:28,-51,-65.71428571,2243
12:59:28,-49,-66.28571429,2244
12:59:28,-83,-66.64285714,2245
12:59:28,-81,-64.14285714,2246
12:59:28,-82,-64.28571429,2247
12:59:33,-82,-64.21428571,2248
12:59:33,-78,-64.21428571,2249
12:59:33,-71,-64.5,2250
12:59:33,-57,-65,2251
12:59:33,-51,-66.42857143,2252
12:59:33,-33,-66.64285714,2253
12:59:33,-70,-67.85714286,2254
12:59:33,-76,-65.28571429,2255
12:59:33,-56,-65,2256
12:59:33,-59,-66.71428571,2257
12:59:33,-54,-66.35714286,2258
12:59:33,-48,-67.21428571,2259
12:59:33,-83,-67.78571429,2260
12:59:33,-81,-65.78571429,2261
12:59:33,-82,-65.85714286,2262
12:59:38,-82,-65.92857143,2263
12:59:38,-78,-65.85714286,2264
12:59:38,-77,-66.14285714,2265
12:59:38,-54,-66.57142857,2266
12:59:38,-50,-68,2267
12:59:38,-34,-69.64285714,2268
12:59:38,-72,-71.21428571,2269
12:59:38,-80,-69.71428571,2270
12:59:38,-54,-66.42857143,2271
12:59:38,-66,-67.42857143,2272
12:59:38,-56,-68.14285714,2273
12:59:38,-55,-67.64285714,2274
12:59:38,-82,-68.42857143,2275
12:59:38,-83,-66.57142857,2276
12:59:38,-81,-64.42857143,2277
12:59:38,-82,-64.5,2278
12:59:43,-83,-64.42857143,2279
12:59:43,-74,-64.28571429,2280
12:59:43,-73,-64.85714286,2281
12:59:43,-56,-65.57142857,2282
12:59:43,-51,-67.14285714,2283
12:59:43,-34,-68.71428571,2284
12:59:43,-68,-70.14285714,2285
12:59:43,-76,-68.85714286,2286
12:59:43,-49,-65.92857143,2287
12:59:43,-66,-67.5,2288
12:59:43,-56,-68.42857143,2289
12:59:43,-53,-68.28571429,2290
12:59:43,-82,-69.21428571,2291
12:59:43,-81,-67.35714286,2292
12:59:43,-81,-65.71428571,2293
12:59:43,-82,-65.78571429,2294
12:59:48,-83,-65.71428571,2295
12:59:48,-78,-65.57142857,2296
12:59:48,-73,-65.85714286,2297
12:59:48,-54,-66.57142857,2298
12:59:48,-50,-68.07142857,2299
12:59:48,-35,-69.71428571,2300
12:59:48,-71,-71.14285714,2301
12:59:48,-79,-69.78571429,2302
12:59:48,-54,-66.57142857,2303
12:59:48,-66,-67.64285714,2304
12:59:48,-56,-68.5,2305
12:59:48,-58,-68,2306
12:59:48,-82,-68,2307
12:59:48,-81,-66.5,2308
12:59:48,-81,-64.64285714,2309
12:59:48,-82,-64.71428571,2310
12:59:53,-83,-64.64285714,2311
12:59:53,-75,-64.5,2312
12:59:53,-73,-65,2313
12:59:53,-55,-65.71428571,2314
12:59:53,-52,-67.35714286,2315
12:59:53,-34,-68.92857143,2316
12:59:53,-69,-70.28571429,2317
12:59:53,-78,-69.14285714,2318
12:59:53,-49,-66,2319
12:59:53,-58,-67.42857143,2320
12:59:53,-61,-68.85714286,2321
12:59:53,-55,-68.35714286,2322
12:59:53,-82,-69.28571429,2323
12:59:53,-81,-67.57142857,2324
12:59:53,-81,-65.64285714,2325
12:59:53,-82,-65.71428571,2326
12:59:58,-83,-65.64285714,2327
12:59:58,-78,-65.5,2328
12:59:58,-74,-65.78571429,2329
12:59:58,-53,-66.35714286,2330
12:59:58,-53,-67.71428571,2331
12:59:58,-34,-69.21428571,2332
12:59:58,-69,-70.78571429,2333
12:59:58,-78,-69.21428571,2334
12:59:58,-54,-66,2335
12:59:58,-68,-67.07142857,2336
12:59:58,-58,-67.78571429,2337
12:59:58,-54,-67.14285714,2338
12:59:58,-82,-67.42857143,2339
12:59:58,-81,-65.71428571,2340
12:59:58,-81,-63.71428571,2341
12:59:58,-82,-63.78571429,2342
13:00:03,-82,-63.71428571,2343
13:00:03,-72,-63.85714286,2344
13:00:03,-74,-64.57142857,2345
13:00:03,-56,-65.14285714,2346
13:00:03,-47,-66.64285714,2347
13:00:03,-33,-68.71428571,2348
13:00:03,-69,-70.07142857,2349
13:00:03,-78,-68.85714286,2350
13:00:03,-49,-65.64285714,2351
13:00:03,-58,-67.07142857,2352
13:00:03,-58,-68.71428571,2353
13:00:03,-53,-68.5,2354
13:00:03,-82,-68.85714286,2355
13:00:03,-81,-67.14285714,2356
13:00:03,-84,-65.42857143,2357
13:00:03,-82,-65.28571429,2358
13:00:08,-82,-65.21428571,2359
13:00:08,-77,-65.35714286,2360
13:00:08,-76,-65.71428571,2361
13:00:08,-52,-66.21428571,2362
13:00:08,-52,-67.78571429,2363
13:00:08,-33,-69.35714286,2364
13:00:08,-69,-70.92857143,2365
13:00:08,-81,-69.5,2366
13:00:08,-55,-66.07142857,2367
13:00:08,-58,-67.07142857,2368
13:00:08,-58,-68.57142857,2369
13:00:08,-57,-67.85714286,2370
13:00:08,-82,-68,2371
13:00:08,-81,-66.35714286,2372
13:00:08,-84,-64.28571429,2373
13:00:08,-82,-64.14285714,2374
13:00:13,-83,-64.07142857,2375
13:00:13,-74,-64.14285714,2376
13:00:13,-74,-64.71428571,2377
13:00:13,-55,-65.35714286,2378
13:00:13,-49,-66.71428571,2379
13:00:13,-33,-68.71428571,2380
13:00:13,-69,-70.14285714,2381
13:00:13,-79,-68.85714286,2382
13:00:13,-48,-65.64285714,2383
13:00:13,-59,-67.57142857,2384
13:00:13,-59,-69,2385
13:00:13,-52,-68.64285714,2386
13:00:13,-82,-69.78571429,2387
13:00:13,-81,-67.85714286,2388
13:00:13,-84,-66,2389
13:00:13,-82,-65.85714286,2390
13:00:19,-83,-65.78571429,2391
13:00:19,-74,-65.85714286,2392
13:00:19,-77,-66.42857143,2393
13:00:19,-53,-66.71428571,2394
13:00:19,-51,-68.21428571,2395
13:00:19,-34,-69.64285714,2396
13:00:19,-75,-71.07142857,2397
13:00:19,-79,-69.35714286,2398
13:00:19,-54,-66.07142857,2399
13:00:19,-68,-67.14285714,2400
13:00:19,-55,-67.78571429,2401
13:00:19,-55,-67.35714286,2402
13:00:19,-82,-67.42857143,2403
13:00:19,-81,-65.5,2404
13:00:19,-84,-63.5,2405
13:00:19,-82,-63.35714286,2406
13:00:24,-81,-63.28571429,2407
13:00:24,-74,-63.5,2408
13:00:24,-71,-64.07142857,2409
13:00:24,-54,-64.78571429,2410
13:00:24,-51,-66.14285714,2411
13:00:24,-33,-68,2412
13:00:24,-69,-69.42857143,2413
13:00:24,-77,-68,2414
13:00:24,-49,-64.85714286,2415
13:00:24,-56,-66.5,2416
13:00:24,-55,-68.35714286,2417
13:00:24,-53,-68.28571429,2418
13:00:24,-82,-68.5,2419
13:00:24,-81,-66.78571429,2420
13:00:24,-84,-65.07142857,2421
13:00:24,-82,-64.92857143,2422
13:00:29,-81,-64.85714286,2423
13:00:29,-73,-65.07142857,2424
13:00:29,-77,-65.64285714,2425
13:00:29,-53,-65.5,2426
13:00:29,-49,-66.78571429,2427
13:00:29,-33,-67.21428571,2428
13:00:29,-72,-68.35714286,2429
13:00:29,-82,-65.57142857,2430
13:00:29,-54,-64.71428571,2431
13:00:29,-56,-66.42857143,2432
13:00:29,-58,-65.78571429,2433
13:00:29,-57,-66,2434
13:00:29,-82,-66.35714286,2435
13:00:29,-81,-64.07142857,2436
13:00:29,-84,-64.07142857,2437
13:00:34,-81,-63.92857143,2438
13:00:34,-75,-64.14285714,2439
13:00:34,-71,-64.57142857,2440
13:00:34,-55,-64.85714286,2441
13:00:34,-49,-66.35714286,2442
13:00:34,-33,-66.71428571,2443
13:00:34,-70,-68.07142857,2444
13:00:34,-78,-65.35714286,2445
13:00:34,-47,-65.14285714,2446
13:00:34,-61,-67.5,2447
13:00:34,-62,-66.92857143,2448
13:00:34,-50,-67.42857143,2449
13:00:34,-81,-68.28571429,2450
13:00:34,-82,-66.28571429,2451
13:00:34,-84,-66.21428571,2452
13:00:39,-81,-66.07142857,2453
13:00:39,-75,-66.28571429,2454
13:00:39,-76,-66.71428571,2455
13:00:39,-54,-66.71428571,2456
13:00:39,-52,-68.28571429,2457
13:00:39,-32,-68.57142857,2458
13:00:39,-75,-69.92857143,2459
13:00:39,-80,-66.92857143,2460
13:00:39,-53,-66.14285714,2461
13:00:39,-69,-67.85714286,2462
13:00:39,-62,-66.42857143,2463
13:00:39,-53,-66.92857143,2464
13:00:39,-81,-67.57142857,2465
13:00:39,-82,-65.5,2466
13:00:39,-84,-65.42857143,2467
13:00:44,-81,-65.28571429,2468
13:00:44,-76,-65.5,2469
13:00:44,-76,-65.85714286,2470
13:00:44,-56,-65.71428571,2471
13:00:44,-51,-67.14285714,2472
13:00:44,-33,-67.28571429,2473
13:00:44,-69,-68.5,2474
13:00:44,-77,-65.92857143,2475
13:00:44,-49,-65.42857143,2476
13:00:44,-69,-67.42857143,2477
13:00:44,-62,-66.42857143,2478
13:00:44,-52,-66.92857143,2479
13:00:44,-81,-67.5,2480
13:00:44,-82,-65.42857143,2481
13:00:44,-84,-65.14285714,2482
13:00:49,-81,-65,2483
13:00:49,-74,-65.21428571,2484
13:00:49,-76,-65.71428571,2485
13:00:49,-53,-65.57142857,2486
13:00:49,-50,-66.85714286,2487
13:00:49,-33,-67.14285714,2488
13:00:49,-70,-68.5,2489
13:00:49,-77,-66,2490
13:00:49,-55,-65.35714286,2491
13:00:49,-69,-67.14285714,2492
13:00:49,-60,-65.71428571,2493
13:00:49,-52,-66.35714286,2494
13:00:49,-78,-66.92857143,2495
13:00:49,-82,-64.92857143,2496
13:00:49,-84,-64.64285714,2497
13:00:54,-81,-64.5,2498
13:00:54,-74,-64.71428571,2499
13:00:54,-71,-65.21428571,2500
13:00:54,-54,-65.64285714,2501
13:00:54,-52,-67.35714286,2502
13:00:54,-35,-67.5,2503
13:00:54,-68,-68.64285714,2504
13:00:54,-80,-66.28571429,2505
13:00:54,-49,-66.21428571,2506
13:00:54,-69,-68.42857143,2507
13:00:54,-60,-67.21428571,2508
13:00:54,-50,-67.85714286,2509
13:00:54,-78,-68.28571429,2510
13:00:54,-82,-66.64285714,2511
13:00:54,-84,-66.35714286,2512
13:00:59,-81,-66.21428571,2513
13:00:59,-77,-66.42857143,2514
13:00:59,-78,-66.5,2515
13:00:59,-54,-66.5,2516
13:00:59,-51,-67.64285714,2517
13:00:59,-35,-67.85714286,2518
13:00:59,-79,-69.21428571,2519
13:00:59,-80,-66.07142857,2520
13:00:59,-52,-65.28571429,2521
13:00:59,-69,-67.35714286,2522
13:00:59,-56,-66,2523
13:00:59,-55,-66.42857143,2524
13:00:59,-78,-66.78571429,2525
13:00:59,-82,-64.78571429,2526
13:00:59,-84,-64.5,2527
13:01:04,-78,-64.35714286,2528
13:01:04,-78,-64.78571429,2529
13:01:04,-70,-64.78571429,2530
13:01:04,-54,-65.14285714,2531
13:01:04,-54,-66.85714286,2532
13:01:04,-35,-66.64285714,2533
13:01:04,-69,-67.85714286,2534
13:01:04,-81,-65.42857143,2535
13:01:04,-50,-64.64285714,2536
13:01:04,-62,-66.85714286,2537
13:01:04,-60,-66.57142857,2538
13:01:04,-50,-67.21428571,2539
13:01:04,-78,-67.64285714,2540
13:01:04,-82,-65.78571429,2541
13:01:04,-84,-65.5,2542
13:01:09,-78,-65.35714286,2543
13:01:09,-75,-65.78571429,2544
13:01:09,-78,-65.85714286,2545
13:01:09,-51,-66,2546
13:01:09,-52,-67.28571429,2547
13:01:09,-35,-67.42857143,2548
13:01:09,-70,-68.85714286,2549
13:01:09,-81,-66.21428571,2550
13:01:09,-58,-65.28571429,2551
13:01:09,-69,-67,2552
13:01:09,-56,-65.71428571,2553
13:01:09,-52,-66.28571429,2554
13:01:09,-78,-66.85714286,2555
13:01:09,-82,-64.71428571,2556
13:01:09,-84,-64.78571429,2557
13:01:14,-76,-64.64285714,2558
13:01:14,-80,-65.21428571,2559
13:01:14,-69,-64.92857143,2560
13:01:14,-54,-65.28571429,2561
13:01:14,-55,-67.07142857,2562
13:01:14,-33,-66.78571429,2563
13:01:14,-68,-68.07142857,2564
13:01:14,-82,-65.5,2565
13:01:14,-51,-64.71428571,2566
13:01:14,-64,-66.92857143,2567
13:01:14,-60,-66.28571429,2568
13:01:14,-48,-67,2569
13:01:14,-83,-67.64285714,2570
13:01:14,-82,-65.21428571,2571
13:01:14,-84,-65.28571429,2572
13:01:19,-76,-65.14285714,2573
13:01:19,-74,-65.71428571,2574
13:01:19,-79,-66,2575
13:01:19,-51,-65.92857143,2576
13:01:19,-51,-67.35714286,2577
13:01:19,-32,-67.64285714,2578
13:01:19,-71,-69.5,2579
13:01:19,-82,-66.71428571,2580
13:01:19,-55,-65.78571429,2581
13:01:19,-70,-67.5,2582
13:01:19,-57,-66.14285714,2583
13:01:19,-49,-66.71428571,2584
13:01:19,-83,-67.57142857,2585
13:01:19,-82,-65.07142857,2586
13:01:19,-84,-65.14285714,2587
13:01:24,-78,-65,2588
13:01:24,-78,-65.42857143,2589
13:01:24,-71,-65.42857143,2590
13:01:24,-55,-65.64285714,2591
13:01:24,-58,-67.35714286,2592
13:01:24,-32,-66.85714286,2593
13:01:24,-69,-68.07142857,2594
13:01:24,-79,-65.5,2595
13:01:24,-51,-64.78571429,2596
13:01:24,-65,-67.07142857,2597
13:01:24,-61,-66.28571429,2598
13:01:24,-48,-66.85714286,2599
13:01:24,-83,-67.5,2600
13:01:24,-82,-65.07142857,2601
13:01:24,-84,-65.14285714,2602
13:01:29,-78,-65,2603
13:01:29,-74,-65.42857143,2604
13:01:29,-79,-65.5,2605
13:01:29,-51,-65.14285714,2606
13:01:29,-49,-66.64285714,2607
13:01:29,-33,-67,2608
13:01:29,-69,-68.78571429,2609
13:01:29,-83,-66.21428571,2610
13:01:29,-54,-65.21428571,2611
13:01:29,-69,-67.28571429,2612
13:01:29,-57,-66.07142857,2613
13:01:29,-49,-66.42857143,2614
13:01:29,-83,-67.28571429,2615
13:01:29,-82,-64.85714286,2616
13:01:29,-84,-64.92857143,2617
13:01:34,-75,-64.78571429,2618
13:01:34,-74,-65.42857143,2619
13:01:34,-72,-66.07142857,2620
13:01:34,-54,-66.5,2621
13:01:34,-58,-68.28571429,2622
13:01:34,-33,-67.78571429,2623
13:01:34,-69,-69,2624
13:01:34,-83,-66.42857143,2625
13:01:34,-52,-65.71428571,2626
13:01:34,-62,-67.85714286,2627
13:01:34,-61,-67.07142857,2628
13:01:34,-49,-67.42857143,2629
13:01:34,-83,-68.28571429,2630
13:01:34,-82,-65.85714286,2631
13:01:34,-84,-65.92857143,2632
13:01:39,-83,-65.78571429,2633
13:01:39,-78,-65.85714286,2634
13:01:39,-79,-65.57142857,2635
13:01:39,-51,-65.21428571,2636
13:01:39,-50,-66.64285714,2637
13:01:39,-33,-67,2638
13:01:39,-73,-68.35714286,2639
13:01:39,-82,-65.42857143,2640
13:01:39,-51,-64.42857143,2641
13:01:39,-66,-66.57142857,2642
13:01:39,-61,-65.42857143,2643
13:01:39,-49,-65.5,2644
13:01:39,-83,-66.35714286,2645
13:01:39,-82,-63.78571429,2646
13:01:39,-84,-63.85714286,2647
13:01:44,-74,-63.71428571,2648
13:01:44,-74,-64.42857143,2649
13:01:44,-71,-64.42857143,2650
13:01:44,-55,-65,2651
13:01:44,-52,-66.64285714,2652
13:01:44,-32,-66.64285714,2653
13:01:44,-68,-68.07142857,2654
13:01:44,-81,-65.57142857,2655
13:01:44,-50,-64.78571429,2656
13:01:44,-62,-67.14285714,2657
13:01:44,-61,-66.64285714,2658
13:01:44,-47,-67.14285714,2659
13:01:44,-83,-67.71428571,2660
13:01:44,-82,-65.35714286,2661
13:01:44,-84,-65.42857143,2662
13:01:50,-74,-65.28571429,2663
13:01:50,-79,-66,2664
13:01:50,-78,-65.64285714,2665
13:01:50,-52,-65.71428571,2666
13:01:50,-52,-67,2667
13:01:50,-33,-67,2668
13:01:50,-70,-68.07142857,2669
13:01:50,-83,-65.57142857,2670
13:01:50,-55,-64.57142857,2671
13:01:50,-68,-66.57142857,2672
13:01:50,-55,-65.35714286,2673
13:01:50,-50,-66.14285714,2674
13:01:50,-83,-66.92857143,2675
13:01:50,-82,-64.07142857,2676
13:01:50,-84,-64,2677
13:01:55,-74,-63.85714286,2678
13:01:55,-79,-64.57142857,2679
13:01:55,-70,-64.21428571,2680
13:01:55,-52,-64.64285714,2681
13:01:55,-48,-66.35714286,2682
13:01:55,-35,-66.78571429,2683
13:01:55,-69,-67.92857143,2684
13:01:55,-83,-65.42857143,2685
13:01:55,-51,-64.35714286,2686
13:01:55,-66,-66.64285714,2687
13:01:55,-61,-65.42857143,2688
13:01:55,-43,-66,2689
13:01:55,-81,-67.07142857,2690
13:01:55,-82,-64.85714286,2691
13:01:55,-84,-64.78571429,2692
13:02:00,-74,-64.64285714,2693
13:02:00,-76,-64.78571429,2694
13:02:00,-76,-64.92857143,2695
13:02:00,-54,-64.64285714,2696
13:02:00,-51,-64.85714286,2697
13:02:00,-34,-64.5,2698
13:02:00,-68,-64.57142857,2699
13:02:00,-83,-64.57142857,2700
13:02:00,-49,-64.57142857,2701
13:02:00,-69,-64.57142857,2702
13:02:00,-58,-64.14285714,2703
13:02:00,-50,-64.28571429,2704
13:02:00,-81,-63.78571429,2705
13:02:00,-82,-63.78571429,2706
13:02:05,-76,-63.78571429,2707
13:02:05,-78,-63.78571429,2708
13:02:05,-72,-63.71428571,2709
13:02:05,-57,-64.14285714,2710
13:02:05,-46,-63.92857143,2711
13:02:05,-35,-64.57142857,2712
13:02:05,-68,-64.57142857,2713
13:02:05,-83,-64.78571429,2714
13:02:05,-49,-64.78571429,2715
13:02:05,-63,-64.64285714,2716
13:02:05,-60,-64.64285714,2717
13:02:05,-43,-64.5,2718
13:02:05,-81,-65.07142857,2719
13:02:05,-82,-65.07142857,2720
13:02:10,-76,-65.07142857,2721
13:02:10,-77,-65.07142857,2722
13:02:10,-78,-65.14285714,2723
13:02:10,-54,-64.71428571,2724
13:02:10,-55,-64.85714286,2725
13:02:10,-35,-64.57142857,2726
13:02:10,-71,-64.64285714,2727
13:02:10,-83,-64.5,2728
13:02:10,-47,-64.5,2729
13:02:10,-63,-64.78571429,2730
13:02:10,-58,-64.78571429,2731
13:02:10,-51,-64.78571429,2732
13:02:10,-81,-64.35714286,2733
13:02:10,-82,-64.35714286,2734
13:02:15,-76,-64.35714286,2735
13:02:15,-78,-63.46153846,2736
13:02:15,-72,-62.25,2737
13:02:15,-56,-61.36363636,2738
13:02:15,-51,-61.9,2739
13:02:15,-36,-63.11111111,2740
13:02:15,-69,-66.5,2741
13:02:15,-83,-66.14285714,2742
13:02:15,-51,-63.33333333,2743
13:02:15,-63,-65.8,2744
13:02:15,-58,-66.5,2745
13:02:15,-45,-69.33333333,2746
13:02:15,-81,-81.5,2747
13:02:15,-82,-82,2748
